"ID","CODIGO_SETOR","NOME_SETOR","ORGAO","ATIVO","LOGRADOURO","NUMERO","COMPLEMENTO","BAIRRO","CIDADE","ESTADO","CEP","TELEFONE","EMAIL","DATA_CRIACAO","DATA_ATUALIZACAO","LATITUDE","LONGITUDE"
1,"013.AGEATABR",Agência de Atendimento de Abreulândia,Secretaria da Fazenda,"0",R. Mariano Pereira,sem número,,Centro,Abreulândia,TO,"77693-000",(63) 1234-1234,atualizar_email@sefaz.to.gov.br,2025-10-14 09:26:42.999,2025-11-14 08:10:29.252,-9.6221526,-49.1558343
2,"013.AGEATAGU",Agência de Atendimento de Aguiarnópolis,Secretaria da Fazenda,"0",atualizar endereço,"0",,CENTRO,AGUIARNOPOLIS,TO,"77908-000","63 - 1234-5678",atualizar_email@sefaz.to.gov.br,2025-10-14 09:26:42.999,2025-11-14 08:10:29.254,-6.56256251,-47.4710243
3,"013.AGEATALT",Agência de Atendimento de Aliança do Tocantins,Secretaria da Fazenda,"0",atualizar endereço,"0",,CENTRO,ALIANCA DO TOCANTINS,TO,"77455000","63 - 1234-5678",atualizar_email@sefaz.to.gov.br,2025-10-14 09:26:42.999,2025-11-14 08:10:29.255,-11.30677761,-48.93887309
4,"013.AGEATALM",Agência de Atendimento de Almas,Secretaria da Fazenda,"0",atualizar endereço,"0",,CENTRO,ALMAS,TO,"77310000","63 - 1234-5678",atualizar_email@sefaz.to.gov.br,2025-10-14 09:26:42.999,2025-11-14 08:10:29.257,-11.56794243,-47.17041349
5,"013.AGEATALV",Agência de Atendimento de Alvorada,Secretaria da Fazenda,"0",atualizar endereço,"0",,CENTRO,ALVORADA,TO,"77480000","63 - 1234-5678",atualizar_email@sefaz.to.gov.br,2025-10-14 09:26:42.999,2025-11-14 08:18:56.060,-12.49298486,-49.13165217
6,"013.AGEATANN",Agência de Atendimento de Ananás,Secretaria da Fazenda,"0",atualizar endereço,"0",,CENTRO,ANANAS,TO,"77890000","63 - 1234-5678",atualizar_email@sefaz.to.gov.br,2025-10-14 09:26:42.999,2025-11-14 08:15:47.072,-6.36779215,-48.07313905
7,"013.AGEATANG",Agência de Atendimento de Angico,Secretaria da Fazenda,"0",atualizar endereço,"0",,CENTRO,ANGICO,TO,"77905000","63 - 1234-5678",atualizar_email@sefaz.to.gov.br,2025-10-14 09:26:42.999,2025-11-14 08:15:47.076,-6.39083582,-47.86685008
8,"013.AGEATARN",Agência de Atendimento de Aparecida do Rio Negro,Secretaria da Fazenda,"0",atualizar endereço,"0",,CENTRO,APARECIDA DO RIO NEGRO,TO,"77620000","63 - 1234-5678",atualizar_email@sefaz.to.gov.br,2025-10-14 09:26:42.999,2025-11-14 08:15:47.078,-9.9516537,-47.97803725
9,"013.AGEATARG",Agência de Atendimento de Aragominas,Secretaria da Fazenda,"0",atualizar endereço,"0",,CENTRO,ARAGOMINAS,TO,"77845000","63 - 1234-5678",atualizar_email@sefaz.to.gov.br,2025-10-14 09:26:42.999,2025-11-14 08:15:47.080,-7.16556223,-48.52594278
10,"013.AGEATARC",Agência de Atendimento de Araguacema,Secretaria da Fazenda,"0",atualizar endereço,"0",,CENTRO,ARAGUACEMA,TO,"77690000","63 - 1234-5678",atualizar_email@sefaz.to.gov.br,2025-10-14 09:26:42.999,2025-11-14 08:15:47.082,-8.81696515,-49.55996086
11,"013.AGEATARU",Agência de Atendimento de Araguaçu,Secretaria da Fazenda,"0",atualizar endereço,"0",,CENTRO,ARAGUACU,TO,"77475000","63 - 1234-5678",atualizar_email@sefaz.to.gov.br,2025-10-14 09:26:42.999,2025-11-14 08:15:47.083,-12.92665084,-49.82941942
12,"013.AGEATARA",Agência de Atendimento de Araguaína,Secretaria da Fazenda,"0",atualizar endereço,"0",,CENTRO,ARAGUAINA,TO,"77804180","63 - 1234-5678",atualizar_email@sefaz.to.gov.br,2025-10-14 09:26:42.999,2025-11-14 08:15:47.085,-7.18790788,-48.21020785
13,"013.AGEATAGN",Agência de Atendimento de Araguanã,Secretaria da Fazenda,"0",atualizar endereço,"0",,CENTRO,ARAGUANÃ,TO,"77855000","63 - 1234-5678",atualizar_email@sefaz.to.gov.br,2025-10-14 09:26:42.999,2025-11-14 08:15:47.087,-6.58020265,-48.6424929
14,"013.AGEATAGI",Agência de Atendimento de Araguatins,Secretaria da Fazenda,"0",atualizar endereço,"0",,CENTRO,ARAGUATINS,TO,"77950000","63 - 1234-5678",atualizar_email@sefaz.to.gov.br,2025-10-14 09:26:42.999,2025-11-14 08:15:47.088,-5.64611309,-48.11789532
15,"013.AGEATARP",Agência de Atendimento de Arapoema,Secretaria da Fazenda,"0",atualizar endereço,"0",,CENTRO,ARAPOEMA,TO,"77780000","63 - 1234-5678",atualizar_email@sefaz.to.gov.br,2025-10-14 09:26:42.999,2025-11-14 08:15:47.089,-7.65730758,-49.06621335
16,"013.AGEATARR",Agência de Atendimento de Arraias,Secretaria da Fazenda,"0",atualizar endereço,"0",,CENTRO,ARRAIAS,TO,"77330000","63 - 1234-5678",atualizar_email@sefaz.to.gov.br,2025-10-14 09:26:42.999,2025-11-14 08:15:47.090,-12.92648446,-46.94742596
17,"013.AGEATAUG",Agência de Atendimento de Augustinópolis,Secretaria da Fazenda,"0",atualizar endereço,"0",,CENTRO,SAMPAIO,TO,"77980000","63 - 1234-5678",atualizar_email@sefaz.to.gov.br,2025-10-14 09:26:42.999,2025-11-14 08:15:47.092,-5.35306399,-47.87794871
18,"013.AGEATAUT",Agência de Atendimento de Aurora do Tocantins,Secretaria da Fazenda,"0",atualizar endereço,"0",,CENTRO,AURORA DO TOCANTINS,TO,"77325000","63 - 1234-5678",atualizar_email@sefaz.to.gov.br,2025-10-14 09:26:42.999,2025-11-14 08:15:47.093,-12.71259782,-46.40821519
19,"013.AGEATAXT",Agência de Atendimento de Axixá do Tocantins,Secretaria da Fazenda,"0",atualizar endereço,"0",,CENTRO,AXIXA DO TOCANTINS,TO,"77930000","63 - 1234-5678",atualizar_email@sefaz.to.gov.br,2025-10-14 09:26:42.999,2025-11-14 08:15:47.094,-5.61353831,-47.76648583
20,"013.AGEATBBL",Agência de Atendimento de Babaçulândia,Secretaria da Fazenda,"0",atualizar endereço,"0",,CENTRO,BABACULANDIA,TO,"77870000","63 - 1234-5678",atualizar_email@sefaz.to.gov.br,2025-10-14 09:26:42.999,2025-11-14 08:15:47.095,-7.20257193,-47.75975064
21,"013.AGEATBAT",Agência de Atendimento de Bandeirantes do Tocantins,Secretaria da Fazenda,"0",atualizar endereço,"0",,CENTRO,BANDEIRANTES DO TOCANTINS,TO,"77783000","63 - 1234-5678",atualizar_email@sefaz.to.gov.br,2025-10-14 09:26:42.999,2025-11-14 08:15:47.096,-7.7604789,-48.57865857
22,"013.AGEATBAR",Agência de Atendimento de Barrolândia,Secretaria da Fazenda,"0",atualizar endereço,"0",,CENTRO,BARROLANDIA,TO,"77665000","63 - 1234-5678",atualizar_email@sefaz.to.gov.br,2025-10-14 09:26:42.999,2025-11-14 08:15:47.098,-9.836278,-48.72490463
23,"013.AGEATBES",Agência de Atendimento de Bernardo Sayão,Secretaria da Fazenda,"0",atualizar endereço,"0",,CENTRO,BERNARDO SAYAO,TO,"77755000","63 - 1234-5678",atualizar_email@sefaz.to.gov.br,2025-10-14 09:26:42.999,2025-11-14 08:15:47.100,-7.88043425,-48.89638194
24,"013.AGEATBJT",Agência de Atendimento de Bom Jesus do Tocantins,Secretaria da Fazenda,"0",atualizar endereço,"0",,CENTRO,BOM JESUS DO TOCANTINS,TO,"77714000","63 - 1234-5678",atualizar_email@sefaz.to.gov.br,2025-10-14 09:26:42.999,2025-11-14 08:15:47.102,-8.96216893,-48.16224659
25,"013.AGEATBRT",Agência de Atendimento de Brasilândia do Tocantins,Secretaria da Fazenda,"0",atualizar endereço,"0",,CENTRO,BRASILANDIA DO TOCANTINS,TO,"77735000","63 - 1234-5678",atualizar_email@sefaz.to.gov.br,2025-10-14 09:26:42.999,2025-11-14 08:15:47.103,-8.38832003,-48.48438475
26,"013.AGEATBRN",Agência de Atendimento de Brejinho de Nazaré,Secretaria da Fazenda,"0",atualizar endereço,"0",,CENTRO,BREJINHO DE NAZARE,TO,"77560000","63 - 1234-5678",atualizar_email@sefaz.to.gov.br,2025-10-14 09:26:42.999,2025-11-14 08:15:47.104,-11.01393859,-48.56392375
27,"013.AGEATBUT",Agência de Atendimento de Buriti do Tocantins,Secretaria da Fazenda,"0",atualizar endereço,"0",,CENTRO,BURITI DO TOCANTINS,TO,"77995000","63 - 1234-5678",atualizar_email@sefaz.to.gov.br,2025-10-14 09:26:42.999,2025-11-14 08:15:47.105,-5.31616092,-48.22666339
28,"013.AGEATCAL",Agência de Atendimento de Campos Lindos,Secretaria da Fazenda,"0",atualizar endereço,"0",,CENTRO,CAMPOS LINDOS,TO,"77777000","63 - 1234-5678",atualizar_email@sefaz.to.gov.br,2025-10-14 09:26:42.999,2025-11-14 08:15:47.106,-7.97383037,-46.80170642
29,"013.AGEATCRR",Agência de Atendimento de Cariri do Tocantins,Secretaria da Fazenda,"0",atualizar endereço,"0",,CENTRO,CARIRI DO TOCANTINS,TO,"77453000","63 - 1234-5678",atualizar_email@sefaz.to.gov.br,2025-10-14 09:26:42.999,2025-11-14 08:15:47.107,-11.89183885,-49.15982345
30,"013.AGEATCAR",Agência de Atendimento de Carmolândia,Secretaria da Fazenda,"0",atualizar endereço,"0",,CENTRO,CARMOLANDIA,TO,"77840000","63 - 1234-5678",atualizar_email@sefaz.to.gov.br,2025-10-14 09:26:42.999,2025-11-14 08:15:47.109,-7.03554318,-48.39600976
31,"013.AGEATCAS",Agência de Atendimento de Caseara,Secretaria da Fazenda,"0",atualizar endereço,"0",,CENTRO,CASEARA,TO,"77680000","63 - 1234-5678",atualizar_email@sefaz.to.gov.br,2025-10-14 09:26:42.999,2025-11-14 08:15:47.110,-9.27089821,-49.95509705
32,"013.AGEATCOL",Agência de Atendimento de Colinas do Tocantins,Secretaria da Fazenda,"0",atualizar endereço,"0",,CENTRO,COLINAS DO TOCANTINS,TO,"77760000","63 - 1234-5678",atualizar_email@sefaz.to.gov.br,2025-10-14 09:26:42.999,2025-11-14 08:15:47.111,-8.05561687,-48.47679668
33,"013.AGEATCML",Agência de Atendimento de Colméia,Secretaria da Fazenda,"0",atualizar endereço,"0",,CENTRO,COLMEIA,TO,"77725000","63 - 1234-5678",atualizar_email@sefaz.to.gov.br,2025-10-14 09:26:42.999,2025-11-14 08:15:47.112,-8.7298533,-48.75524082
34,"013.AGEATCBN",Agência de Atendimento de Combinado,Secretaria da Fazenda,"0",atualizar endereço,"0",,CENTRO,COMBINADO,TO,"77350000","63 - 1234-5678",atualizar_email@sefaz.to.gov.br,2025-10-14 09:26:42.999,2025-11-14 08:15:47.113,-12.81211057,-46.5483844
35,"013.AGEATCOT",Agência de Atendimento de Conceição do Tocantins,Secretaria da Fazenda,"0",atualizar endereço,"0",,CENTRO,CONCEICAO DO TOCANTINS,TO,"77305000","63 - 1234-5678",atualizar_email@sefaz.to.gov.br,2025-10-14 09:26:42.999,2025-11-14 08:15:47.114,-12.22112271,-47.29368428
36,"013.AGEATCOM",Agência de Atendimento de Couto Magalhães,Secretaria da Fazenda,"0",atualizar endereço,"0",,CENTRO,COUTO MAGALHAES,TO,"77750000","63 - 1234-5678",atualizar_email@sefaz.to.gov.br,2025-10-14 09:26:42.999,2025-11-14 08:15:47.117,-8.35932739,-49.17851748
37,"013.AGEATCRI",Agência de Atendimento de Cristalãndia,Secretaria da Fazenda,"0",atualizar endereço,"0",,CENTRO,CRISTALÂNDIA,TO,"77490000","63 - 1234-5678",atualizar_email@sefaz.to.gov.br,2025-10-14 09:26:42.999,2025-11-14 08:15:47.118,-10.59956173,-49.19369924
38,"013.AGEATDAR",Agência de Atendimento de Darcinópolis,Secretaria da Fazenda,"0",atualizar endereço,"0",,CENTRO,DARCINOPOLIS,TO,"77910000","63 - 1234-5678",atualizar_email@sefaz.to.gov.br,2025-10-14 09:26:42.999,2025-11-14 08:15:47.119,-6.70896138,-47.75139313
39,"013.AGEATDIA",Agência de Atendimento de Dianópolis,Secretaria da Fazenda,"0",atualizar endereço,"0",,CENTRO,DIANOPOLIS,TO,"77300000","63 - 1234-5678",atualizar_email@sefaz.to.gov.br,2025-10-14 09:26:42.999,2025-11-14 08:15:47.120,-11.61999625,-46.82309188
40,"013.AGEATDIV",Agência de Atendimento de Divinópolis do Tocantins,Secretaria da Fazenda,"0",atualizar endereço,"0",,CENTRO,DIVINOPOLIS DO TOCANTINS,TO,"77670000","63 - 1234-5678",atualizar_email@sefaz.to.gov.br,2025-10-14 09:26:42.999,2025-11-14 08:15:47.121,-9.80096528,-49.21154317
41,"013.AGEATDOI",Agência de Atendimento de Dois irmãos do Tocantins,Secretaria da Fazenda,"0",atualizar endereço,"0",,CENTRO,DOIS IRMÃOS DO TOCANTINS,TO,"77685000","63 - 1234-5678",atualizar_email@sefaz.to.gov.br,2025-10-14 09:26:42.999,2025-11-14 08:15:47.122,-9.25356354,-49.0658034
42,"013.AGEATDUE",Agência de Atendimento de Dueré,Secretaria da Fazenda,"0",atualizar endereço,"0",,CENTRO,DUERE,TO,"77485000","63 - 1234-5678",atualizar_email@sefaz.to.gov.br,2025-10-14 09:26:42.999,2025-11-14 08:15:47.123,-11.3428046,-49.26678068
43,"013.AGEATFAT",Agência de Atendimento de Fátima,Secretaria da Fazenda,"0",atualizar endereço,"0",,CENTRO,FATIMA,TO,"77555000","63 - 1234-5678",atualizar_email@sefaz.to.gov.br,2025-10-14 09:26:42.999,2025-11-14 08:15:47.124,-10.75941919,-48.90421942
44,"013.AGEATFIG",Agência de Atendimento de Figueirópolis,Secretaria da Fazenda,"0",atualizar endereço,"0",,CENTRO,FIGUEIROPOLIS,TO,"77465000","63 - 1234-5678",atualizar_email@sefaz.to.gov.br,2025-10-14 09:26:42.999,2025-11-14 08:15:47.125,-12.13411729,-49.17324924
45,"013.AGEATFID",Agência de Atendimento de Filadélfia,Secretaria da Fazenda,"0",atualizar endereço,"0",,CENTRO,FILADELFIA,TO,"77795000","63 - 1234-5678",atualizar_email@sefaz.to.gov.br,2025-10-14 09:26:42.999,2025-11-14 08:15:47.126,-7.33709974,-47.49678275
46,"013.AGEATFOA",Agência de Atendimento de Formoso do Araguaia,Secretaria da Fazenda,"0",atualizar endereço,"0",,CENTRO,FORMOSO DO ARAGUAIA,TO,"77470000","63 - 1234-5678",atualizar_email@sefaz.to.gov.br,2025-10-14 09:26:42.999,2025-11-14 08:15:47.127,-11.80786744,-49.52335182
47,"013.AGEATGOI",Agência de Atendimento de Goianorte,Secretaria da Fazenda,"0",atualizar endereço,"0",,CENTRO,GOIANORTE,TO,"77695000","63 - 1234-5678",atualizar_email@sefaz.to.gov.br,2025-10-14 09:26:42.999,2025-11-14 08:15:47.128,-8.77052588,-48.9353388
48,"013.AGEATGOT",Agência de Atendimento de Goiatins,Secretaria da Fazenda,"0",atualizar endereço,"0",,CENTRO,GOIATINS,TO,"77770000","63 - 1234-5678",atualizar_email@sefaz.to.gov.br,2025-10-14 09:26:42.999,2025-11-14 08:15:47.129,-7.71143087,-47.31702262
49,"013.AGEATGUA",Agência de Atendimento de Guaraí,Secretaria da Fazenda,"0",atualizar endereço,"0",,CENTRO,GUARAI,TO,"77700000","63 - 1234-5678",atualizar_email@sefaz.to.gov.br,2025-10-14 09:26:42.999,2025-11-14 08:15:47.130,-8.83809054,-48.51318267
50,"013.AGEATGUR",Agência de Atendimento de Gurupi,Secretaria da Fazenda,"0",atualizar endereço,"0",,CENTRO,GURUPI,TO,"77410070","63 - 1234-5678",atualizar_email@sefaz.to.gov.br,2025-10-14 09:26:42.999,2025-11-14 08:15:47.131,-11.7199638,-49.07489369
51,"013.AGEATITA",Agência de Atendimento de Itacajá,Secretaria da Fazenda,"0",atualizar endereço,"0",,CENTRO,ITACAJA,TO,"77720000","63 - 1234-5678",atualizar_email@sefaz.to.gov.br,2025-10-14 09:26:42.999,2025-11-14 08:15:47.133,-8.39109511,-47.772244
52,"013.AGEATITG",Agência de Atendimento de Itaguatins,Secretaria da Fazenda,"0",atualizar endereço,"0",,CENTRO,ITAGUATINS,TO,"77920000","63 - 1234-5678",atualizar_email@sefaz.to.gov.br,2025-10-14 09:26:42.999,2025-11-14 08:15:47.134,-5.77367351,-47.48091584
53,"013.AGEATITP",Agência de Atendimento de Itapiratins,Secretaria da Fazenda,"0",atualizar endereço,"0",,CENTRO,ITAPIRATINS,TO,"77718000","63 - 1234-5678",atualizar_email@sefaz.to.gov.br,2025-10-14 09:26:42.999,2025-11-14 08:15:47.135,-8.38326468,-48.10648883
54,"013.AGEATITT",Agência de Atendimento de Itaporã do Tocantins,Secretaria da Fazenda,"0",atualizar endereço,"0",,CENTRO,ITAPORA DO TOCANTINS,TO,"77740000","63 - 1234-5678",atualizar_email@sefaz.to.gov.br,2025-10-14 09:26:42.999,2025-11-14 08:15:47.135,-8.57266116,-48.69020596
55,"013.AGEATJAT",Agência de Atendimento de Jaú do Tocantins,Secretaria da Fazenda,"0",atualizar endereço,"0",,CENTRO,JAU DO TOCANTINS,TO,"77450000","63 - 1234-5678",atualizar_email@sefaz.to.gov.br,2025-10-14 09:26:42.999,2025-11-14 08:15:47.136,-12.65267632,-48.59176286
56,"013.AGEATLAC",Agência de Atendimento de Lagoa da Confusão,Secretaria da Fazenda,"0",atualizar endereço,"0",,CENTRO,LAGOA DA CONFUSAO,TO,"77493000","63 - 1234-5678",atualizar_email@sefaz.to.gov.br,2025-10-14 09:26:42.999,2025-11-14 08:15:47.137,-10.78792529,-49.62218119
57,"013.AGEATLAT",Agência de Atendimento de Lagoa do Tocantins,Secretaria da Fazenda,"0",atualizar endereço,"0",,CENTRO,LAGOA DO TOCANTINS,TO,"77613000","63 - 1234-5678",atualizar_email@sefaz.to.gov.br,2025-10-14 09:26:42.999,2025-11-14 08:15:47.138,-10.29671499,-47.56562129
58,"013.AGEATLAG",Agência de Atendimento de Lajeado,Secretaria da Fazenda,"0",atualizar endereço,"0",,CENTRO,LAJEADO,TO,"77645000","63 - 1234-5678",atualizar_email@sefaz.to.gov.br,2025-10-14 09:26:42.999,2025-11-14 08:15:47.139,-9.75461279,-48.35601906
59,"013.AGEATMAE",Agência de Atendimento de Mateiros,Secretaria da Fazenda,"0",atualizar endereço,"0",,CENTRO,MATEIROS,TO,"77593000","63 - 1234-5678",atualizar_email@sefaz.to.gov.br,2025-10-14 09:26:42.999,2025-11-14 08:15:47.140,-10.54664632,-46.4173509
60,"013.AGEATMIT",Agência de Atendimento de Miracema do Tocantins,Secretaria da Fazenda,"0",atualizar endereço,"0",,CENTRO,MIRACEMA DO TOCANTINS,TO,"77650000","63 - 1234-5678",atualizar_email@sefaz.to.gov.br,2025-10-14 09:26:42.999,2025-11-14 08:15:47.141,-9.55909616,-48.40757681
61,"013.AGEATMIR",Agência de Atendimento de Miranorte,Secretaria da Fazenda,"0",atualizar endereço,"0",,CENTRO,MIRANORTE,TO,"77660000","63 - 1234-5678",atualizar_email@sefaz.to.gov.br,2025-10-14 09:26:42.999,2025-11-14 08:15:47.142,-9.53612284,-48.59015601
62,"013.AGEATMTC",Agência de Atendimento de Monte do Carmo,Secretaria da Fazenda,"0",atualizar endereço,"0",,CENTRO,MONTE DO CARMO,TO,"77585000","63 - 1234-5678",atualizar_email@sefaz.to.gov.br,2025-10-14 09:26:42.999,2025-11-14 08:15:47.143,-10.76355265,-48.1101161
63,"013.AGEATMOT",Agência de Atendimento de Monte Santo do Tocantins,Secretaria da Fazenda,"0",atualizar endereço,"0",,CENTRO,MONTE SANTO,TO,"77673000","63 - 1234-5678",atualizar_email@sefaz.to.gov.br,2025-10-14 09:26:42.999,2025-11-14 08:15:47.144,-10.00618113,-48.99087738
64,"013.AGEATMUR",Agência de Atendimento de Muricilãndia,Secretaria da Fazenda,"0",atualizar endereço,"0",,CENTRO,MURICILANDIA,TO,"77850000","63 - 1234-5678",atualizar_email@sefaz.to.gov.br,2025-10-14 09:26:42.999,2025-11-14 08:15:47.145,-7.14477226,-48.60741611
65,"013.AGEATNAT",Agência de Atendimento de Natividade,Secretaria da Fazenda,"0",atualizar endereço,"0",,CENTRO,NATIVIDADE,TO,"77370000","63 - 1234-5678",atualizar_email@sefaz.to.gov.br,2025-10-14 09:26:42.999,2025-11-14 08:15:47.146,-11.70880027,-47.72700335
66,"013.AGEATNAZ",Agência de Atendimento de Nazaré,Secretaria da Fazenda,"0",atualizar endereço,"0",,CENTRO,NAZARE,TO,"77895000","63 - 1234-5678",atualizar_email@sefaz.to.gov.br,2025-10-14 09:26:42.999,2025-11-14 08:15:47.147,-6.3723108,-47.66051718
67,"013.AGEATNOO",Agência de Atendimento de Nova Olinda,Secretaria da Fazenda,"0",atualizar endereço,"0",,CENTRO,NOVA OLINDA,TO,"77790000","63 - 1234-5678",atualizar_email@sefaz.to.gov.br,2025-10-14 09:26:42.999,2025-11-14 08:15:47.149,-7.63679475,-48.42090492
68,"013.AGEATNRO",Agência de Atendimento de Nova Rosalândia,Secretaria da Fazenda,"0",atualizar endereço,"0",,CENTRO,NOVA ROSALANDIA,TO,"77495000","63 - 1234-5678",atualizar_email@sefaz.to.gov.br,2025-10-14 09:26:42.999,2025-11-14 08:15:47.150,-10.56716495,-48.91099774
69,"013.AGEATNAC",Agência de Atendimento de Novo Acordo,Secretaria da Fazenda,"0",atualizar endereço,"0",,CENTRO,NOVO ACORDO,TO,"77001566","63 - 1234-5678",atualizar_email@sefaz.to.gov.br,2025-10-14 09:26:42.999,2025-11-14 08:15:47.151,-9.96619499,-47.68042831
70,"013.AGEATNAL",Agência de Atendimento de Novo Alegre,Secretaria da Fazenda,"0",atualizar endereço,"0",,CENTRO,NOVO ALEGRE,TO,"77353000","63 - 1234-5678",atualizar_email@sefaz.to.gov.br,2025-10-14 09:26:42.999,2025-11-14 08:15:47.152,-12.91525868,-46.57648926
71,"013.AGEATNJA",Agência de Atendimento de Novo Jardim,Secretaria da Fazenda,"0",atualizar endereço,"0",,CENTRO,DIANOPOLIS,TO,"77300000","63 - 1234-5678",atualizar_email@sefaz.to.gov.br,2025-10-14 09:26:42.999,2025-11-14 08:15:47.153,-11.61999625,-46.82309188
72,"013.AGEATPAL",Agência de Atendimento de Palmas,Secretaria da Fazenda,"0",atualizar endereço,"0",,CENTRO,PALMAS,TO,"77001908","63 - 1234-5678",atualizar_email@sefaz.to.gov.br,2025-10-14 09:26:42.999,2025-11-14 08:15:47.154,-10.18257356,-48.3362181
73,"013.AGEATPAT",Agência de Atendimento de Palmeiras do Tocantins,Secretaria da Fazenda,"0",atualizar endereço,"0",,CENTRO,AGUIARNOPOLIS,TO,"77908000","63 - 1234-5678",atualizar_email@sefaz.to.gov.br,2025-10-14 09:26:42.999,2025-11-14 08:15:47.155,-6.55890546,-47.47688129
74,"013.AGEATPME",Agência de Atendimento de Palmeirópolis,Secretaria da Fazenda,"0",atualizar endereço,"0",,CENTRO,PALMEIROPOLIS,TO,"77365000","63 - 1234-5678",atualizar_email@sefaz.to.gov.br,2025-10-14 09:26:42.999,2025-11-14 08:15:47.156,-13.0423009,-48.41021533
75,"013.AGEATPTO",Agência de Atendimento de Paraiso do Tocantins,Secretaria da Fazenda,"0",atualizar endereço,"0",,CENTRO,PARAISO DO TOCANTINS,TO,"77600000","63 - 1234-5678",atualizar_email@sefaz.to.gov.br,2025-10-14 09:26:42.999,2025-11-14 08:15:47.157,-10.17021889,-48.88231481
76,"013.AGEATPAR",Agência de Atendimento de Paranã,Secretaria da Fazenda,"0",atualizar endereço,"0",,CENTRO,PARANA,TO,"77360000","63 - 1234-5678",atualizar_email@sefaz.to.gov.br,2025-10-14 09:26:42.999,2025-11-14 08:15:47.158,-12.61686606,-47.8750876
77,"013.AGEATPDR",Agência de Atendimento de Pau D´arco,Secretaria da Fazenda,"0",atualizar endereço,"0",,CENTRO,PAU DARCO,TO,"77785000","63 - 1234-5678",atualizar_email@sefaz.to.gov.br,2025-10-14 09:26:42.999,2025-11-14 08:15:47.159,-7.5422365,-49.36723715
78,"013.AGEATPEF",Agência de Atendimento de Pedro Afonso,Secretaria da Fazenda,"0",atualizar endereço,"0",,CENTRO,GUARAI,TO,"77700000","63 - 1234-5678",atualizar_email@sefaz.to.gov.br,2025-10-14 09:26:42.999,2025-11-14 08:15:47.160,-8.83809054,-48.51318267
79,"013.AGEATPEI",Agência de Atendimento de Peixe,Secretaria da Fazenda,"0",atualizar endereço,"0",,CENTRO,PEIXE,TO,"77460000","63 - 1234-5678",atualizar_email@sefaz.to.gov.br,2025-10-14 09:26:42.999,2025-11-14 08:15:47.161,-12.0378256,-48.54199551
80,"013.AGEATPEQ",Agência de Atendimento de Pequizeiro,Secretaria da Fazenda,"0",atualizar endereço,"0",,CENTRO,PEQUIZEIRO,TO,"77730000","63 - 1234-5678",atualizar_email@sefaz.to.gov.br,2025-10-14 09:26:42.999,2025-11-14 08:15:47.162,-8.59390611,-48.93540697
81,"013.AGEATPIN",Agência de Atendimento de Pindorama do Tocantins,Secretaria da Fazenda,"0",atualizar endereço,"0",,CENTRO,PINDORAMA DO TOCANTINS,TO,"77380000","63 - 1234-5678",atualizar_email@sefaz.to.gov.br,2025-10-14 09:26:42.999,2025-11-14 08:15:47.163,-11.13647682,-47.57978727
82,"013.AGEATPJB",Agência de Atendimento de Ponte Alta do Bom Jesus,Secretaria da Fazenda,"0",atualizar endereço,"0",,CENTRO,PONTE ALTA DO BOM JESUS,TO,"77315000","63 - 1234-5678",atualizar_email@sefaz.to.gov.br,2025-10-14 09:26:42.999,2025-11-14 08:15:47.164,-12.08861513,-46.47779588
83,"013.AGEATPOT",Agência de Atendimento de Ponte Alta do Tocantins,Secretaria da Fazenda,"0",atualizar endereço,"0",,CENTRO,PONTE ALTA DO TOCANTINS,TO,"77590000","63 - 1234-5678",atualizar_email@sefaz.to.gov.br,2025-10-14 09:26:42.999,2025-11-14 08:15:47.166,-10.74379304,-47.53909132
84,"013.AGEATPNA",Agência de Atendimento de Porto Nacional,Secretaria da Fazenda,"0",atualizar endereço,"0",,CENTRO,PORTO NACIONAL,TO,"77500-000","63 - 1234-5678",atualizar_email@sefaz.to.gov.br,2025-10-14 09:26:42.999,2025-11-14 08:15:47.167,-10.7098676,-48.40929633
85,"013.AGEATPRK",Agência de Atendimento de Presidente Kennedy,Secretaria da Fazenda,"0",atualizar endereço,"0",,CENTRO,PRESIDENTE KENNEDY,TO,"77745000","63 - 1234-5678",atualizar_email@sefaz.to.gov.br,2025-10-14 09:26:42.999,2025-11-14 08:15:47.168,-8.53044082,-48.5059783
86,"013.AGEATPUG",Agência de Atendimento de Pugmil,Secretaria da Fazenda,"0",R. Pernambuco,sem número,,CENTRO,Pugmil,TO,"77603-000","63 - 1234-5678",atualizar_email@sefaz.to.gov.br,2025-10-14 09:26:42.999,2025-11-14 08:15:47.169,-10.42514622,-48.89539361
87,"013.AGEATRIC",Agência de Atendimento de Riachinho,Secretaria da Fazenda,"0",atualizar endereço,"0",,CENTRO,RIACHINHO,TO,"77893000","63 - 1234-5678",atualizar_email@sefaz.to.gov.br,2025-10-14 09:26:42.999,2025-11-14 08:15:47.170,-6.44324412,-48.1379494
88,"013.AGEATRBO",Agência de Atendimento de Rio dos Bois,Secretaria da Fazenda,"0",atualizar endereço,"0",,CENTRO,RIO DOS BOIS,TO,"77655000","63 - 1234-5678",atualizar_email@sefaz.to.gov.br,2025-10-14 09:26:42.999,2025-11-14 08:15:47.171,-9.34391232,-48.53537118
89,"013.AGEATRSO",Agência de Atendimento de Rio Sono,Secretaria da Fazenda,"0",atualizar endereço,"0",,CENTRO,RIO SONO,TO,"77635000","63 - 1234-5678",atualizar_email@sefaz.to.gov.br,2025-10-14 09:26:42.999,2025-11-14 08:15:47.172,-9.34648625,-47.89577062
90,"013.AGEATSAN",Agência de Atendimento de Sandolândia,Secretaria da Fazenda,"0",atualizar endereço,"0",,CENTRO,SANDOLANDIA,TO,"77478000","63 - 1234-5678",atualizar_email@sefaz.to.gov.br,2025-10-14 09:26:42.999,2025-11-14 08:15:47.173,-12.54003509,-49.92708504
91,"013.AGEATSFE",Agência de Atendimento de Santa Fé do Araguaia,Secretaria da Fazenda,"0",atualizar endereço,"0",,CENTRO,SANTA FE,TO,"77848000","63 - 1234-5678",atualizar_email@sefaz.to.gov.br,2025-10-14 09:26:42.999,2025-11-14 08:15:47.174,-7.15015862,-48.69158381
92,"013.AGEATSMA",Agência de Atendimento de Santa Maria do Tocantins,Secretaria da Fazenda,"0",atualizar endereço,"0",,CENTRO,SANTA MARIA DO TOCANTINS,TO,"77716000","63 - 1234-5678",atualizar_email@sefaz.to.gov.br,2025-10-14 09:26:42.999,2025-11-14 08:15:47.175,-8.77554418,-47.74675928
93,"013.AGEATSRI",Agência de Atendimento de Santa Rita do Tocantins,Secretaria da Fazenda,"0",atualizar endereço,"0",,CENTRO,SANTA RITA DO TOCANTINS,TO,"77565000","63 - 1234-5678",atualizar_email@sefaz.to.gov.br,2025-10-14 09:26:42.999,2025-11-14 08:15:47.176,-10.86434874,-48.90788632
94,"013.AGEATSRO",Agência de Atendimento de Santa Rosa do Tocantins,Secretaria da Fazenda,"0",atualizar endereço,"0",,CENTRO,SANTA ROSA DO TOCANTINS,TO,"77375000","63 - 1234-5678",atualizar_email@sefaz.to.gov.br,2025-10-14 09:26:42.999,2025-11-14 08:15:47.176,-11.44783843,-48.11676945
95,"013.AGEATSBT",Agência de Atendimento de São Bento do Tocantins,Secretaria da Fazenda,"0",atualizar endereço,"0",,CENTRO,SAO BENTO DO TOCANTINS,TO,"77958000","63 - 1234-5678",atualizar_email@sefaz.to.gov.br,2025-10-14 09:26:42.999,2025-11-14 08:15:47.177,-6.02875052,-47.92419609
96,"013.AGEATSMT",Agência de Atendimento de São Miguel do Tocantins,Secretaria da Fazenda,"0",atualizar endereço,"0",,CENTRO,SAO MIGUEL,TO,"77925-000","63 - 1234-5678",atualizar_email@sefaz.to.gov.br,2025-10-14 09:26:42.999,2025-11-14 08:15:47.178,-5.55187425,-47.57782232
97,"013.AGEATSIL",Agência de Atendimento de Silvanópolis,Secretaria da Fazenda,"0",atualizar endereço,"0",,CENTRO,SILVANOPOLIS,TO,"77580000","63 - 1234-5678",atualizar_email@sefaz.to.gov.br,2025-10-14 09:26:42.999,2025-11-14 08:15:47.179,-11.14963657,-48.17373238
98,"013.AGEATSNT",Agência de Atendimento de Sitio Novo do Tocantins,Secretaria da Fazenda,"0",atualizar endereço,"0",,CENTRO,SITIO NOVO,TO,"77940000","63 - 1234-5678",atualizar_email@sefaz.to.gov.br,2025-10-14 09:26:42.999,2025-11-14 08:15:47.180,-5.6012818,-47.63498621
99,"013.AGEATTAB",Agência de Atendimento de Tabocão,Secretaria da Fazenda,"0",atualizar endereço,"0",,CENTRO,FORTALEZA DO TABOCAO,TO,"77708000","63 - 1234-5678",atualizar_email@sefaz.to.gov.br,2025-10-14 09:26:42.999,2025-11-14 08:15:47.181,-9.05745883,-48.52028542
100,"013.AGEATTAG",Agência de Atendimento de Taguatinga,Secretaria da Fazenda,"0",atualizar endereço,"0",,CENTRO,TAGUATINGA,TO,"77320000","63 - 1234-5678",atualizar_email@sefaz.to.gov.br,2025-10-14 09:26:42.999,2025-11-14 08:15:47.182,-12.40913505,-46.43140623
101,"013.AGEATTAL",Agência de Atendimento de Talismã,Secretaria da Fazenda,"0",atualizar endereço,"0",,CENTRO,TALISMA,TO,"77483000","63 - 1234-5678",atualizar_email@sefaz.to.gov.br,2025-10-14 09:26:42.999,2025-11-14 08:15:47.183,-12.79811766,-49.09249063
102,"013.AGEATTAQ",Agência de Atendimento de Taquaralto,Secretaria da Fazenda,"0",atualizar endereço,"0",,CENTRO,PALMAS,TO,"77001908","63 - 1234-5678",atualizar_email@sefaz.to.gov.br,2025-10-14 09:26:42.999,2025-11-14 08:15:47.184,-10.18257356,-48.3362181
103,"013.AGEATTCN",Agência de Atendimento de Tocantínia,Secretaria da Fazenda,"0",atualizar endereço,"0",,CENTRO,TOCANTINIA,TO,"77640000","63 - 1234-5678",atualizar_email@sefaz.to.gov.br,2025-10-14 09:26:42.999,2025-11-14 08:15:47.184,-9.56445153,-48.37481096
104,"013.AGEATTOC",Agência de Atendimento de Tocantinópolis,Secretaria da Fazenda,"0",atualizar endereço,"0",,CENTRO,TOCANTINOPOLIS,TO,"77900000","63 - 1234-5678",atualizar_email@sefaz.to.gov.br,2025-10-14 09:26:42.999,2025-11-14 08:15:47.185,-6.32894794,-47.42165918
105,"013.AGEATTUP",Agência de Atendimento de Tupirama,Secretaria da Fazenda,"0",atualizar endereço,"0",,CENTRO,TUPIRAMA,TO,"77704000","63 - 1234-5678",atualizar_email@sefaz.to.gov.br,2025-10-14 09:26:42.999,2025-11-14 08:15:47.186,-8.97564303,-48.19079467
106,"013.AGEATWND",Agência de Atendimento de Wanderlândia,Secretaria da Fazenda,"0",atualizar endereço,"0",,CENTRO,WANDERLANDIA,TO,"77860000","63 - 1234-5678",atualizar_email@sefaz.to.gov.br,2025-10-14 09:26:42.999,2025-11-14 08:15:47.187,-6.84948572,-47.9647085
107,"013.AGEATXMB",Agência de Atendimento de Xambioá,Secretaria da Fazenda,"0",atualizar endereço,"0",,CENTRO,XAMBIOA,TO,"77880000","63 - 1234-5678",atualizar_email@sefaz.to.gov.br,2025-10-14 09:26:42.999,2025-11-14 08:15:47.188,-6.41120672,-48.53398846
108,"013.AGEATMRT",Agência de Atendimento Marianópolis do Tocantins,Secretaria da Fazenda,"0",atualizar endereço,"0",,CENTRO,MARIANOPOLIS DO TOCANTINS,TO,"77675000","63 - 1234-5678",atualizar_email@sefaz.to.gov.br,2025-10-14 09:26:42.999,2025-11-14 08:15:47.189,-9.79543649,-49.65511813
109,"013.AGEATSTT",Agência de Atendimento Santa Tereza do Tocantins,Secretaria da Fazenda,"0",atualizar endereço,"0",,CENTRO,SANTA TEREZA DO TOCANTINS,TO,"77615000","63 - 1234-5678",atualizar_email@sefaz.to.gov.br,2025-10-14 09:26:42.999,2025-11-14 08:15:47.190,-10.27890999,-47.81177066
110,"013.AGEATSAV",Agência de Atendimento São Valério da Natividade,Secretaria da Fazenda,"0",atualizar endereço,"0",,CENTRO,SAO VALERIO,TO,"77390000","63 - 1234-5678",atualizar_email@sefaz.to.gov.br,2025-10-14 09:26:42.999,2025-11-14 08:15:47.190,-11.97007434,-48.23490028
111,"013.AGECON",Agente de Contratação,Secretaria da Fazenda,"0",atualizar endereço,"0",,CENTRO,PALMAS,TO,"77001908","63 - 1234-5678",atualizar_email@sefaz.to.gov.br,2025-10-14 09:26:42.999,2025-11-14 08:15:47.191,-10.18257356,-48.3362181
112,"013.ASAP",Assessoria de Análises e Pesquisas,Secretaria da Fazenda,"0",atualizar endereço,"0",,CENTRO,PALMAS,TO,"77001908","63 - 1234-5678",atualizar_email@sefaz.to.gov.br,2025-10-14 09:26:42.999,2025-11-14 08:15:47.192,-10.18257356,-48.3362181
113,"013.ASGAB",Assessoria de Gabinete II - Gab do Secretário,Secretaria da Fazenda,"0",atualizar endereço,"0",,CENTRO,PALMAS,TO,"77001908","63 - 1234-5678",atualizar_email@sefaz.to.gov.br,2025-10-14 09:26:42.999,2025-11-14 08:15:47.193,-10.18257356,-48.3362181
114,"013.ASGAB III",Assessoria de Gabinete III - Gab do Sec Ex Tesouro,Secretaria da Fazenda,"0",atualizar endereço,"0",,CENTRO,PALMAS,TO,"77001908","63 - 1234-5678",atualizar_email@sefaz.to.gov.br,2025-10-14 09:26:42.999,2025-11-14 08:15:47.194,-10.18257356,-48.3362181
115,"013.ASGABIII1",Assessoria de Gabinete III -Gabinete do Secretário,Secretaria da Fazenda,"0",atualizar endereço,"0",,CENTRO,PALMAS,TO,"77001908","63 - 1234-5678",atualizar_email@sefaz.to.gov.br,2025-10-14 09:26:42.999,2025-11-14 08:15:47.195,-10.18257356,-48.33621811
116,"013.ASGABIII3",Assessoria de Gabinete III-Gab Sec Ex Gest Tribut,Secretaria da Fazenda,"0",atualizar endereço,"0",,CENTRO,PALMAS,TO,"77001908","63 - 1234-5678",atualizar_email@sefaz.to.gov.br,2025-10-14 09:26:42.999,2025-11-14 08:15:47.196,-10.18257356,-48.33621812
117,"013.ASGEST",Assessoria de Gestão Estratégica (PROFISCO),Secretaria da Fazenda,"0",atualizar endereço,"0",,CENTRO,PALMAS,TO,"77001908","63 - 1234-5678",atualizar_email@sefaz.to.gov.br,2025-10-14 09:26:42.999,2025-11-14 08:15:47.197,-10.18257356,-48.3362181
118,"013.ASIP",Assessoria de Integração e Pesquisa,Secretaria da Fazenda,"0",atualizar endereço,"0",,CENTRO,PALMAS,TO,"77001908","63 - 1234-5678",atualizar_email@sefaz.to.gov.br,2025-10-14 09:26:42.999,2025-11-14 08:15:47.198,-10.18257356,-48.3362181
119,"013.ASLAF",Assessoria de Laboratório Forense,Secretaria da Fazenda,"0",atualizar endereço,"0",,CENTRO,PALMAS,TO,"77001908","63 - 1234-5678",atualizar_email@sefaz.to.gov.br,2025-10-14 09:26:42.999,2025-11-14 08:15:47.200,-10.18257356,-48.3362181
120,"013.ASPLA",Assessoria de Planejamento,Secretaria da Fazenda,"0",atualizar endereço,"0",,CENTRO,PALMAS,TO,"77001908","63 - 1234-5678",atualizar_email@sefaz.to.gov.br,2025-10-14 09:26:42.999,2025-11-14 08:15:47.201,-10.18257356,-48.3362181
121,"013.ASPOT",Assessoria de Política Tributária,Secretaria da Fazenda,"0",atualizar endereço,"0",,CENTRO,PALMAS,TO,"77001908","63 - 1234-5678",atualizar_email@sefaz.to.gov.br,2025-10-14 09:26:42.999,2025-11-14 08:15:47.202,-10.18257356,-48.3362181
122,"013.ASMED",Assessoria de Social Media e Design,Secretaria da Fazenda,"0",atualizar endereço,"0",,CENTRO,PALMAS,TO,"77001908","63 - 1234-5678",atualizar_email@sefaz.to.gov.br,2025-10-14 09:26:42.999,2025-11-14 08:15:47.202,-10.18257356,-48.3362181
123,"013.ASCOM",Assessoria Econômica,Secretaria da Fazenda,"0",atualizar endereço,"0",,CENTRO,PALMAS,TO,"77001908","63 - 1234-5678",atualizar_email@sefaz.to.gov.br,2025-10-14 09:26:42.999,2025-11-14 08:15:47.203,-10.18257356,-48.3362181
124,"013.ASJUR",Assessoria Jurídica,Secretaria da Fazenda,"0",atualizar endereço,"0",,CENTRO,PALMAS,TO,"77001908","63 - 1234-5678",atualizar_email@sefaz.to.gov.br,2025-10-14 09:26:42.999,2025-11-14 08:15:47.204,-10.18257356,-48.3362181
125,"013.CEFIS",Central de Execuções Fiscais,Secretaria da Fazenda,"0",atualizar endereço,"0",,CENTRO,PALMAS,TO,"77001908","63 - 1234-5678",atualizar_email@sefaz.to.gov.br,2025-10-14 09:26:42.999,2025-11-14 08:15:47.205,-10.18257356,-48.3362181
126,"013.CEFIS2",Central de Execuções Fiscais - Gurupi,Secretaria da Fazenda,"0",atualizar endereço,"0",,CENTRO,GURUPI,TO,"77440490","63 - 1234-5678",atualizar_email@sefaz.to.gov.br,2025-10-14 09:26:42.999,2025-11-14 08:15:47.206,-11.7199638,-49.07489369
127,"013.CHASCOM",Chefia da Assessoria de Comunicação,Secretaria da Fazenda,"0",atualizar endereço,"0",,CENTRO,PALMAS,TO,"77001908","63 - 1234-5678",atualizar_email@sefaz.to.gov.br,2025-10-14 09:26:42.999,2025-11-14 08:15:47.207,-10.18257356,-48.3362181
128,"013.CATF",Chefia da Assessoria Técnica Fazendária,Secretaria da Fazenda,"0",atualizar endereço,"0",,CENTRO,PALMAS,TO,"77001908","63 - 1234-5678",atualizar_email@sefaz.to.gov.br,2025-10-14 09:26:42.999,2025-11-14 08:15:47.207,-10.18257356,-48.3362181
129,"013.CHECOM",Chefia de Assessoria de Comunicação,Secretaria da Fazenda,"0",atualizar endereço,"0",,CENTRO,PALMAS,TO,"77001908","63 - 1234-5678",atualizar_email@sefaz.to.gov.br,2025-10-14 09:26:42.999,2025-11-14 08:15:47.208,-10.18257356,-48.3362181
130,"013.CAGEF",Chefia de Assessoria de Gestão dos Fundos,Secretaria da Fazenda,"0",atualizar endereço,"0",,CENTRO,PALMAS,TO,"77001908","63 - 1234-5678",atualizar_email@sefaz.to.gov.br,2025-10-14 09:26:42.999,2025-11-14 08:15:47.209,-10.18257356,-48.3362181
131,"013.CRADALV",Coordenadoria Regional de Administração - Alvorada,Secretaria da Fazenda,"0",atualizar endereço,"0",,CENTRO,ALVORADA,TO,"77480000","63 - 1234-5678",atualizar_email@sefaz.to.gov.br,2025-10-14 09:26:42.999,2025-11-14 08:15:47.210,-12.49298486,-49.13165217
132,"013.CRADARA",Coordenadoria Regional de Administração - Araguaína,Secretaria da Fazenda,"0",atualizar endereço,"0",,CENTRO,ARAGUAINA,TO,"77804180","63 - 1234-5678",atualizar_email@sefaz.to.gov.br,2025-10-14 09:26:42.999,2025-11-14 08:15:47.211,-7.18790788,-48.21020785
133,"013.CRADAGI",Coordenadoria Regional de Administração - Araguatins,Secretaria da Fazenda,"0",atualizar endereço,"0",,CENTRO,ARAGUATINS,TO,"77950000","63 - 1234-5678",atualizar_email@sefaz.to.gov.br,2025-10-14 09:26:42.999,2025-11-14 08:15:47.211,-5.64611309,-48.11789532
134,"013.CRADCOL",Coordenadoria Regional de Administração - Colinas,Secretaria da Fazenda,"0",atualizar endereço,"0",,CENTRO,COLINAS DO TOCANTINS,TO,"77760000","63 - 1234-5678",atualizar_email@sefaz.to.gov.br,2025-10-14 09:26:42.999,2025-11-14 08:15:47.212,-8.05561687,-48.47679668
135,"013.CRF",Coordenadoria Regional de Administração - Gurupi,Secretaria da Fazenda,"0",atualizar endereço,"0",,CENTRO,GURUPI,TO,"77405160","63 - 1234-5678",atualizar_email@sefaz.to.gov.br,2025-10-14 09:26:42.999,2025-11-14 08:15:47.213,-11.7199638,-49.07489369
136,"013.CRAMIRAC",Coordenadoria Regional de Administração - Miracema,Secretaria da Fazenda,"0",atualizar endereço,"0",,CENTRO,MIRACEMA DO TOCANTINS,TO,"77650000","63 - 1234-5678",atualizar_email@sefaz.to.gov.br,2025-10-14 09:26:42.999,2025-11-14 08:15:47.214,-9.55909616,-48.40757681
137,"013.CRADPAL",Coordenadoria Regional de Administração - Palmas,Secretaria da Fazenda,"0",atualizar endereço,"0",,CENTRO,PALMAS,TO,"77001908","63 - 1234-5678",atualizar_email@sefaz.to.gov.br,2025-10-14 09:26:42.999,2025-11-14 08:15:47.215,-10.18257356,-48.3362181
138,"013.CRADPTO",Coordenadoria Regional de Administração - Paraiso,Secretaria da Fazenda,"0",atualizar endereço,"0",,CENTRO,PARAISO DO TOCANTINS,TO,"77600000","63 - 1234-5678",atualizar_email@sefaz.to.gov.br,2025-10-14 09:26:42.999,2025-11-14 08:15:47.216,-10.17021889,-48.88231481
139,"013.CRAPEDRA",Coordenadoria Regional de Administração - Pedro Afonso,Secretaria da Fazenda,"0",atualizar endereço,"0",,CENTRO,PEDRO AFONSO,TO,"77712000","63 - 1234-5678",atualizar_email@sefaz.to.gov.br,2025-10-14 09:26:42.999,2025-11-14 08:15:47.217,-8.97251189,-48.17708802
140,"013.CRADPNA",Coordenadoria Regional de Administração - Porto Nacional,Secretaria da Fazenda,"0",atualizar endereço,"0",,CENTRO,PORTO NACIONAL,TO,"77500-000","63 - 1234-5678",atualizar_email@sefaz.to.gov.br,2025-10-14 09:26:42.999,2025-11-14 08:15:47.217,-10.7098676,-48.40929633
141,"013.CRADTAG",Coordenadoria Regional de Administração - Taguatinga,Secretaria da Fazenda,"0",atualizar endereço,"0",,CENTRO,TAGUATINGA,TO,"77320000","63 - 1234-5678",atualizar_email@sefaz.to.gov.br,2025-10-14 09:26:42.999,2025-11-14 08:15:47.218,-12.40913505,-46.43140623
142,"013.CRADTOC",Coordenadoria Regional de Administração - Tocantinópolis,Secretaria da Fazenda,"0",atualizar endereço,"0",,CENTRO,TOCANTINOPOLIS,TO,"77900000","63 - 1234-5678",atualizar_email@sefaz.to.gov.br,2025-10-14 09:26:42.999,2025-11-14 08:15:47.219,-6.32894794,-47.42165918
143,"013.CRAALV",Coordenadoria Regional de Arrecadação - Alvorada,Secretaria da Fazenda,"0",atualizar endereço,"0",,CENTRO,ALVORADA,TO,"77480000","63 - 1234-5678",atualizar_email@sefaz.to.gov.br,2025-10-14 09:26:42.999,2025-11-14 08:15:47.220,-12.49298486,-49.13165217
144,"013.CRAARA",Coordenadoria Regional de Arrecadação - Araguaína,Secretaria da Fazenda,"0",atualizar endereço,"0",,CENTRO,ARAGUAINA,TO,"77804180","63 - 1234-5678",atualizar_email@sefaz.to.gov.br,2025-10-14 09:26:42.999,2025-11-14 08:15:47.220,-7.18790788,-48.21020785
145,"013.CRAAGUAT",Coordenadoria Regional de Arrecadação - Araguatins,Secretaria da Fazenda,"0",atualizar endereço,"0",,CENTRO,ARAGUATINS,TO,"77950000","63 - 1234-5678",atualizar_email@sefaz.to.gov.br,2025-10-14 09:26:42.999,2025-11-14 08:15:47.221,-5.64611309,-48.11789532
146,"013.CRACOL",Coordenadoria Regional de Arrecadação - Colinas,Secretaria da Fazenda,"0",atualizar endereço,"0",,CENTRO,COLINAS DO TOCANTINS,TO,"77760000","63 - 1234-5678",atualizar_email@sefaz.to.gov.br,2025-10-14 09:26:42.999,2025-11-14 08:15:47.222,-8.05561687,-48.47679668
147,"013.CRAGUR",Coordenadoria Regional de Arrecadação - Gurupi,Secretaria da Fazenda,"0",atualizar endereço,"0",,CENTRO,GURUPI,TO,"77400000","63 - 1234-5678",atualizar_email@sefaz.to.gov.br,2025-10-14 09:26:42.999,2025-11-14 08:15:47.222,-11.7199638,-49.07489369
148,"013.CRAMIT",Coordenadoria Regional de Arrecadação - Miracema,Secretaria da Fazenda,"0",atualizar endereço,"0",,CENTRO,MIRACEMA DO TOCANTINS,TO,"77650000","63 - 1234-5678",atualizar_email@sefaz.to.gov.br,2025-10-14 09:26:42.999,2025-11-14 08:15:47.223,-9.55909616,-48.40757681
149,"013.CRAPAL",Coordenadoria Regional de Arrecadação - Palmas,Secretaria da Fazenda,"0",atualizar endereço,"0",,CENTRO,PALMAS,TO,"77001908","63 - 1234-5678",atualizar_email@sefaz.to.gov.br,2025-10-14 09:26:42.999,2025-11-14 08:15:47.224,-10.18257356,-48.3362181
150,"013.CRAPTO",Coordenadoria Regional de Arrecadação - Paraiso,Secretaria da Fazenda,"0",atualizar endereço,"0",,CENTRO,PARAISO DO TOCANTINS,TO,"77600000","63 - 1234-5678",atualizar_email@sefaz.to.gov.br,2025-10-14 09:26:42.999,2025-11-14 08:15:47.225,-10.17021889,-48.88231481
151,"013.CRAPEAF",Coordenadoria Regional de Arrecadação - Pedro Afonso,Secretaria da Fazenda,"0",atualizar endereço,"0",,CENTRO,PEDRO AFONSO,TO,"77712000","63 - 1234-5678",atualizar_email@sefaz.to.gov.br,2025-10-14 09:26:42.999,2025-11-14 08:15:47.226,-8.97251189,-48.17708802
152,"013.CRAPON",Coordenadoria Regional de Arrecadação - Porto Nacional,Secretaria da Fazenda,"0",atualizar endereço,"0",,CENTRO,PORTO NACIONAL,TO,"77500-000","63 - 1234-5678",atualizar_email@sefaz.to.gov.br,2025-10-14 09:26:42.999,2025-11-14 08:15:47.226,-10.7098676,-48.40929633
153,"013.CRATAG",Coordenadoria Regional de Arrecadação - Taguatinga,Secretaria da Fazenda,"0",atualizar endereço,"0",,CENTRO,TAGUATINGA,TO,"77320000","63 - 1234-5678",atualizar_email@sefaz.to.gov.br,2025-10-14 09:26:42.999,2025-11-14 08:15:47.227,-12.40913505,-46.43140623
154,"013.CRATOC",Coordenadoria Regional de Arrecadação - Tocantinópolis,Secretaria da Fazenda,"0",atualizar endereço,"0",,CENTRO,TOCANTINOPOLIS,TO,"77900000","63 - 1234-5678",atualizar_email@sefaz.to.gov.br,2025-10-14 09:26:42.999,2025-11-14 08:15:47.228,-6.32894794,-47.42165918
155,"013.CRFALV",Coordenadoria Regional de Fiscalização - Alvorada,Secretaria da Fazenda,"0",atualizar endereço,"0",,CENTRO,ALVORADA,TO,"77480000","63 - 1234-5678",atualizar_email@sefaz.to.gov.br,2025-10-14 09:26:42.999,2025-11-14 08:15:47.229,-12.49298486,-49.13165217
156,"013.CRFARA",Coordenadoria Regional de Fiscalização - Araguaína,Secretaria da Fazenda,"0",atualizar endereço,"0",,CENTRO,ARAGUAINA,TO,"77804180","63 - 1234-5678",atualizar_email@sefaz.to.gov.br,2025-10-14 09:26:42.999,2025-11-14 08:15:47.229,-7.18790788,-48.21020785
157,"013.CRFAGI",Coordenadoria Regional de Fiscalização - Araguatins,Secretaria da Fazenda,"0",atualizar endereço,"0",,CENTRO,ARAGUATINS,TO,"77950000","63 - 1234-5678",atualizar_email@sefaz.to.gov.br,2025-10-14 09:26:42.999,2025-11-14 08:15:47.230,-5.64611309,-48.11789532
158,"013.CRFCOL",Coordenadoria Regional de Fiscalização - Colinas,Secretaria da Fazenda,"0",atualizar endereço,"0",,CENTRO,COLINAS DO TOCANTINS,TO,"77760000","63 - 1234-5678",atualizar_email@sefaz.to.gov.br,2025-10-14 09:26:42.999,2025-11-14 08:15:47.231,-8.05561687,-48.47679668
159,"013.CRFGUR",Coordenadoria Regional de Fiscalização - Gurupi,Secretaria da Fazenda,"0",atualizar endereço,"0",,CENTRO,GURUPI,TO,"77410-010","63 - 1234-5678",atualizar_email@sefaz.to.gov.br,2025-10-14 09:26:42.999,2025-11-14 08:15:47.232,-11.7199638,-49.07489369
160,"013.CRFMIT",Coordenadoria Regional de Fiscalização - Miracema,Secretaria da Fazenda,"0",atualizar endereço,"0",,CENTRO,MIRACEMA DO TOCANTINS,TO,"77650000","63 - 1234-5678",atualizar_email@sefaz.to.gov.br,2025-10-14 09:26:42.999,2025-11-14 08:15:47.232,-9.55909616,-48.40757681
161,"013.CRFPAL",Coordenadoria Regional de Fiscalização - Palmas,Secretaria da Fazenda,"0",atualizar endereço,"0",,CENTRO,PALMAS,TO,"77001908","63 - 1234-5678",atualizar_email@sefaz.to.gov.br,2025-10-14 09:26:42.999,2025-11-14 08:15:47.233,-10.18257356,-48.3362181
162,"013.CRFPTO",Coordenadoria Regional de Fiscalização - Paraiso,Secretaria da Fazenda,"0",atualizar endereço,"0",,CENTRO,PEDRO AFONSO,TO,"77712000","63 - 1234-5678",atualizar_email@sefaz.to.gov.br,2025-10-14 09:26:42.999,2025-11-14 08:15:47.234,-8.97251189,-48.17708802
163,"013.CRFPEF",Coordenadoria Regional de Fiscalização - Pedro Afonso,Secretaria da Fazenda,"0",atualizar endereço,"0",,CENTRO,PALMAS,TO,"77001908","63 - 1234-5678",atualizar_email@sefaz.to.gov.br,2025-10-14 09:26:42.999,2025-11-14 08:15:47.235,-10.18257356,-48.3362181
164,"013.CRFPNA",Coordenadoria Regional de Fiscalização - Porto Nacional,Secretaria da Fazenda,"0",atualizar endereço,"0",,CENTRO,PORTO NACIONAL,TO,"77500-000","63 - 1234-5678",atualizar_email@sefaz.to.gov.br,2025-10-14 09:26:42.999,2025-11-14 08:15:47.235,-10.7098676,-48.40929633
165,"013.CRFTAG",Coordenadoria Regional de Fiscalização - Taguatinga,Secretaria da Fazenda,"0",atualizar endereço,"0",,CENTRO,TAGUATINGA,TO,"77320000","63 - 1234-5678",atualizar_email@sefaz.to.gov.br,2025-10-14 09:26:42.999,2025-11-14 08:15:47.236,-12.40913505,-46.43140623
166,"013.CRFTOC",Coordenadoria Regional de Fiscalização - Tocantinópolis,Secretaria da Fazenda,"0",atualizar endereço,"0",,CENTRO,TOCANTINOPOLIS,TO,"77900000","63 - 1234-5678",atualizar_email@sefaz.to.gov.br,2025-10-14 09:26:42.999,2025-11-14 08:15:47.237,-6.32894794,-47.42165918
167,"013.COFAZ",Corregedoria Fazendária,Secretaria da Fazenda,"0",atualizar endereço,"0",,CENTRO,PALMAS,TO,"77001908","63 - 1234-5678",atualizar_email@sefaz.to.gov.br,2025-10-14 09:26:42.999,2025-11-14 08:15:47.237,-10.18257356,-48.3362181
168,"013.DRREAT",Delegacia Regional de Fiscalização - Alvorada,Secretaria da Fazenda,"1","Rua 15 de novembro, s/n",S/N,,CENTRO,ALVORADA,TO,"77480000","63 - 3027-3042",drfalvorada@sefaz.to.gov.br,2025-10-14 09:26:42.999,2025-10-14 09:26:42.999,-12.49298486,-49.13165217
169,"013.DRFARA",Delegacia Regional de Fiscalização - Araguaína,Secretaria da Fazenda,"1","Rua 7 de Setembro, s/n",S/N,,CENTRO,ARAGUAINA,TO,"77795000","63 -3027-3420",drfaraguaina@sefaz.to.gov.br,2025-10-14 09:26:42.999,2025-10-14 09:26:42.999,-7.18790788,-48.21020785
170,"013.DRFAGI",Delegacia Regional de Fiscalização - Araguatins,Secretaria da Fazenda,"1",Rua Floriano Peixoto,"558",,CENTRO,ARAGUATINS,TO,"77950000","63 - 3027-3231",drfaraguatins@sefaz.to.gov.br,2025-10-14 09:26:42.999,2025-10-14 09:26:42.999,-5.64611309,-48.11789532
171,"013.DRRECT",Delegacia Regional de Fiscalização - Colinas do Tocantins,Secretaria da Fazenda,"1",Rua Raimundo Pereira dos Santos,"1723",,CENTRO,COLINAS DO TOCANTINS,TO,"77760000","63 - 3027-3483",drfcolinas@sefaz.to.gov.br,2025-10-14 09:26:42.999,2025-10-14 09:26:42.999,-8.05561687,-48.47679668
172,"013.DRREG",Delegacia Regional de Fiscalização - Gurupi,Secretaria da Fazenda,"1","Av. Espírito Santo com Rua 6,","1194",,CENTRO,GURUPI,TO,"77403100","63 - 3027-3200",drfgurupi@sefaz.to.gov.br,2025-10-14 09:26:42.999,2025-10-14 09:26:42.999,-11.7199638,-49.07489369
173,"013.DRFMIT",Delegacia Regional de Fiscalização - Miracema,Secretaria da Fazenda,"1",Rua Hosana Cavalcante,"155",,SANTA FILOMENA,MIRACEMA DO TOCANTINS,TO,"77650000","63 - 3027-3302",drfmiracema@sefaz.to.gov.br,2025-10-14 09:26:42.999,2025-10-14 09:26:42.999,-9.55909616,-48.40757681
174,"013.DRFPAL",Delegacia Regional de Fiscalização - Palmas,Secretaria da Fazenda,"1",QUADRA 103 SUL (ACSO 11) - RUA SO 07 - LOTE 03,S/N,,PLANO DIRETOR SUL,PALMAS,TO,"77015030","63 - 3027-3083 ",drfpalmas@sefaz.to.gov.br,2025-10-14 09:26:42.999,2025-10-14 09:26:42.999,-10.18257356,-48.3362181
175,"013.DRFPTO",Delegacia Regional de Fiscalização - Paraiso,Secretaria da Fazenda,"1",Rua Bernadino Maciel,"172",,INTERLAGOS,PARAISO DO TOCANTINS,TO,"77600000","63 - 3027-3137",drfparaiso@sefaz.to.gov.br,2025-10-14 09:26:42.999,2025-10-14 09:26:42.999,-10.17021889,-48.88231481
177,"013.DRFPNA",Delegacia Regional de Fiscalização - Porto Nacional,Secretaria da Fazenda,"1",Av. Luiz Leite Ribeiro,"1457",,AEROPORTO,PORTO NACIONAL,TO,"77500-000","63 - 3363-1799",drfportonacional@sefaz.to.gov.br,2025-10-14 09:26:42.999,2025-10-14 09:26:42.999,-10.7098676,-48.40929633
178,"013.DRRET",Delegacia Regional de Fiscalização - Taguatinga,Secretaria da Fazenda,"1",Av. Principal,S/N,,INDUSTRIAL,TAGUATINGA,TO,"77320000","63 - 3027-3001",drftaguatinga@sefaz.to.gov.br,2025-10-14 09:26:42.999,2025-10-14 09:26:42.999,-12.40913505,-46.43140623
176,"013.DRREPA",Delegacia Regional de Fiscalização - Pedro Afonso,Secretaria da Fazenda,"1",Rua 26 de Julho,"160",,CENTRO,PEDRO AFONSO,TO,"77710000","63 - 3027-3328",drfpedroafonso@sefaz.to.gov.br,2025-10-14 09:26:42.999,2025-10-14 09:26:42.999,-8.97251189,-48.17708802
179,"013.DRRET2",Delegacia Regional de Fiscalização - Tocantinopolis,Secretaria da Fazenda,"1",Rua 15 de novembro,"695",,CENTRO,ARAGUAINA,TO,"77900000","63 - 3027-3268",drftocantinopolis@sefaz.to.gov.br,2025-10-14 09:26:42.999,2025-10-14 09:26:42.999,-7.18790788,-48.21020785
180,"013.DICREFIS",Diretoria da Cobrança e Recup de Créditos Fiscais,Secretaria da Fazenda,"0",atualizar endereço,"0",,CENTRO,PALMAS,TO,"77001908","63 - 1234-5678",atualizar_email@sefaz.to.gov.br,2025-10-14 09:26:42.999,2025-11-14 08:15:47.238,-10.18257356,-48.3362181
181,"013.DIEFAZ",Diretoria da Escola Fazendária,Secretaria da Fazenda,"0",atualizar endereço,"0",,CENTRO,PALMAS,TO,"77001908","63 - 1234-5678",atualizar_email@sefaz.to.gov.br,2025-10-14 09:26:42.999,2025-11-14 08:15:47.239,-10.18257356,-48.3362181
182,"013.DIREC",Diretoria da Receita,Secretaria da Fazenda,"0",atualizar endereço,"0",,CENTRO,PALMAS,TO,"77001908","63 - 1234-5678",atualizar_email@sefaz.to.gov.br,2025-10-14 09:26:42.999,2025-11-14 08:15:47.240,-10.18257356,-48.3362181
183,"013.DIANP","Diretoria de Acomp, Normas e Procedimentos",Secretaria da Fazenda,"0",atualizar endereço,"0",,CENTRO,PALMAS,TO,"77001908","63 - 1234-5678",atualizar_email@sefaz.to.gov.br,2025-10-14 09:26:42.999,2025-11-14 08:15:47.240,-10.18257356,-48.3362181
184,"013.DAJUC",Diretoria de Acompanhamento Judicial-Criminal,Secretaria da Fazenda,"0",atualizar endereço,"0",,CENTRO,PALMAS,TO,"77001908","63 - 1234-5678",atualizar_email@sefaz.to.gov.br,2025-10-14 09:26:42.999,2025-11-14 08:15:47.241,-10.18257356,-48.3362181
185,"013.DAF",Diretoria de Administração e Finanças,Secretaria da Fazenda,"0",atualizar endereço,"0",,CENTRO,PALMAS,TO,"77001908","63 - 1234-5678",atualizar_email@sefaz.to.gov.br,2025-10-14 09:26:42.999,2025-11-14 08:15:47.242,-10.18257356,-48.3362181
186,"013.DAMIJU",Diretoria de Aval e Mitig de Impa de Dema Judicial,Secretaria da Fazenda,"0",atualizar endereço,"0",,CENTRO,PALMAS,TO,"77001908","63 - 1234-5678",atualizar_email@sefaz.to.gov.br,2025-10-14 09:26:42.999,2025-11-14 08:15:47.243,-10.18257356,-48.3362181
187,"013.DICOM",Diretoria de Compras,Secretaria da Fazenda,"0",atualizar endereço,"0",,CENTRO,PALMAS,TO,"77001908","63 - 1234-5678",atualizar_email@sefaz.to.gov.br,2025-10-14 09:26:42.999,2025-11-14 08:15:47.244,-10.18257356,-48.3362181
188,"013.DICONTS",Diretoria de Contabilidade Setorial,Secretaria da Fazenda,"0",atualizar endereço,"0",,CENTRO,PALMAS,TO,"77001908","63 - 1234-5678",atualizar_email@sefaz.to.gov.br,2025-10-14 09:26:42.999,2025-11-14 08:15:47.245,-10.18257356,-48.3362181
189,"013.DICUS",Diretoria de Custos,Secretaria da Fazenda,"0",atualizar endereço,"0",,CENTRO,PALMAS,TO,"77001908","63 - 1234-5678",atualizar_email@sefaz.to.gov.br,2025-10-14 09:26:42.999,2025-11-14 08:15:47.246,-10.18257356,-48.3362181
190,"013.DIDEC",Diretoria de Demonstrações Contábeis,Secretaria da Fazenda,"0",atualizar endereço,"0",,CENTRO,PALMAS,TO,"77001908","63 - 1234-5678",atualizar_email@sefaz.to.gov.br,2025-10-14 09:26:42.999,2025-11-14 08:15:47.246,-10.18257356,-48.3362181
191,"013.DIREXEFIN",Diretoria de Execução Financeira,Secretaria da Fazenda,"0",atualizar endereço,"0",,CENTRO,PALMAS,TO,"77001908","63 - 1234-5678",atualizar_email@sefaz.to.gov.br,2025-10-14 09:26:42.999,2025-11-14 08:15:47.247,-10.18257356,-48.3362181
192,"013.DIGEP",Diretoria de Gestão de Pessoas,Secretaria da Fazenda,"0",atualizar endereço,"0",,CENTRO,PALMAS,TO,"77001908","63 - 1234-5678",atualizar_email@sefaz.to.gov.br,2025-10-14 09:26:42.999,2025-11-14 08:15:47.248,-10.18257356,-48.3362181
193,"013.DIGECE",Diretoria de Gestão do Caixa Estadual,Secretaria da Fazenda,"0",atualizar endereço,"0",,CENTRO,PALMAS,TO,"77001908","63 - 1234-5678",atualizar_email@sefaz.to.gov.br,2025-10-14 09:26:42.999,2025-11-14 08:15:47.249,-10.18257356,-48.3362181
194,"013.DIGCON",Diretoria de Grandes Contribuintes,Secretaria da Fazenda,"0",atualizar endereço,"0",,CENTRO,PALMAS,TO,"77001908","63 - 1234-5678",atualizar_email@sefaz.to.gov.br,2025-10-14 09:26:42.999,2025-11-14 08:15:47.249,-10.18257356,-48.3362181
195,"013.DINFIS",Diretoria de Informações Econômicas e Fiscais,Secretaria da Fazenda,"0",atualizar endereço,"0",,CENTRO,PALMAS,TO,"77001908","63 - 1234-5678",atualizar_email@sefaz.to.gov.br,2025-10-14 09:26:42.999,2025-11-14 08:15:47.250,-10.18257356,-48.3362181
196,"013.DINFRA",Diretoria de Infraestrutura,Secretaria da Fazenda,"0",atualizar endereço,"0",,CENTRO,PALMAS,TO,"77001908","63 - 1234-5678",atualizar_email@sefaz.to.gov.br,2025-10-14 09:26:42.999,2025-11-14 08:15:47.251,-10.18257356,-48.3362181
197,"013.DIN",Diretoria de Inovação,Secretaria da Fazenda,"1",Q. 104 Norte Rua NE 5,"3",Ao lado Hosp. Dona Regina,Plano Diretor Norte,Palmas,TO,"77006-020","63 - 1234-5678",atualizar_email@sefaz.to.gov.br,2025-10-14 09:26:42.999,2025-10-16 14:36:33.362,-10.18162083,-48.32673311
198,"013.DIF",Diretoria de Inteligência Fiscal,Secretaria da Fazenda,"0",atualizar endereço,"0",,CENTRO,PALMAS,TO,"77001908","63 - 1234-5678",atualizar_email@sefaz.to.gov.br,2025-10-14 09:26:42.999,2025-11-14 08:15:47.252,-10.18257356,-48.3362181
199,"013.DILIC",Diretoria de Licitação,Secretaria da Fazenda,"0",atualizar endereço,"0",,CENTRO,PALMAS,TO,"77001908","63 - 1234-5678",atualizar_email@sefaz.to.gov.br,2025-10-14 09:26:42.999,2025-11-14 08:15:47.253,-10.18257356,-48.3362181
200,"013.DIRESF",Diretoria de Responsabilidade Fiscal,Secretaria da Fazenda,"0",atualizar endereço,"0",,CENTRO,PALMAS,TO,"77001908","63 - 1234-5678",atualizar_email@sefaz.to.gov.br,2025-10-14 09:26:42.999,2025-11-14 08:15:47.253,-10.18257356,-48.3362181
201,"013.DICORP",Diretoria de Sistemas Corporativos,Secretaria da Fazenda,"0",atualizar endereço,"0",,CENTRO,PALMAS,TO,"77001908","63 - 1234-5678",atualizar_email@sefaz.to.gov.br,2025-10-14 09:26:42.999,2025-11-14 08:15:47.254,-10.18257356,-48.3362181
202,"013.DITRIB",Diretoria de Tributação,Secretaria da Fazenda,"0",atualizar endereço,"0",,CENTRO,PALMAS,TO,"77001908","63 - 1234-5678",atualizar_email@sefaz.to.gov.br,2025-10-14 09:26:42.999,2025-11-14 08:15:47.255,-10.18257356,-48.3362181
203,"013.DIGET",Diretoria Geral de Gestão Tecnológica,Secretaria da Fazenda,"0",atualizar endereço,"0",,CENTRO,PALMAS,TO,"77001908","63 - 1234-5678",atualizar_email@sefaz.to.gov.br,2025-10-14 09:26:42.999,2025-11-14 08:15:47.256,-10.18257356,-48.3362181
204,"013.GABSEC",Gabinete do Secretário,Secretaria da Fazenda,"0",atualizar endereço,"0",,CENTRO,PALMAS,TO,"77001908","63 - 1234-5678",atualizar_email@sefaz.to.gov.br,2025-10-14 09:26:42.999,2025-11-14 08:15:47.256,-10.18257356,-48.3362181
205,"013.GASEGT",Gabinete do Secretário Exec de Gestão Tributária,Secretaria da Fazenda,"0",atualizar endereço,"0",,CENTRO,PALMAS,TO,"77001908","63 - 1234-5678",atualizar_email@sefaz.to.gov.br,2025-10-14 09:26:42.999,2025-11-14 08:15:47.257,-10.18257356,-48.3362181
206,"013.GABSEXT",Gabinete do Secretario Executivo do Tesouro,Secretaria da Fazenda,"0",atualizar endereço,"0",,CENTRO,PALMAS,TO,"77001908","63 - 1234-5678",atualizar_email@sefaz.to.gov.br,2025-10-14 09:26:42.999,2025-11-14 08:15:47.258,-10.18257356,-48.3362181
207,"013.GEDIAT",Gerência da Dívida Ativa,Secretaria da Fazenda,"0",atualizar endereço,"0",,CENTRO,PALMAS,TO,"77001908","63 - 1234-5678",atualizar_email@sefaz.to.gov.br,2025-10-14 09:26:42.999,2025-11-14 08:12:10.373,-10.18257356,-48.3362181
208,"013.GESICAP",Gerência de Acomp  do SICAP Contábil,Secretaria da Fazenda,"0",atualizar endereço,"0",,CENTRO,PALMAS,TO,"77001908","63 - 1234-5678",atualizar_email@sefaz.to.gov.br,2025-10-14 09:26:42.999,2025-11-14 08:12:10.374,-10.18257356,-48.3362181
209,"013.GEACONT",Gerência de Acomp Contábil das Unidades Setoriais,Secretaria da Fazenda,"0",atualizar endereço,"0",,CENTRO,PALMAS,TO,"77001908","63 - 1234-5678",atualizar_email@sefaz.to.gov.br,2025-10-14 09:26:42.999,2025-11-14 08:12:10.375,-10.18257356,-48.3362181
210,"013.GEASC",Gerência de Acomp do Sist Contábil Financeiro,Secretaria da Fazenda,"0",atualizar endereço,"0",,CENTRO,PALMAS,TO,"77001908","63 - 1234-5678",atualizar_email@sefaz.to.gov.br,2025-10-14 09:26:42.999,2025-11-14 08:12:10.377,-10.18257356,-48.3362181
211,"013.GEALOG",Gerência de Administração e Logística,Secretaria da Fazenda,"0",atualizar endereço,"0",,CENTRO,PALMAS,TO,"77001908","63 - 1234-5678",atualizar_email@sefaz.to.gov.br,2025-10-14 09:26:42.999,2025-11-14 08:12:10.378,-10.18257356,-48.3362181
212,"013.GEALMO",Gerência de Almoxarifado,Secretaria da Fazenda,"0",atualizar endereço,"0",,CENTRO,PALMAS,TO,"77001908","63 - 1234-5678",atualizar_email@sefaz.to.gov.br,2025-10-14 09:26:42.999,2025-11-14 08:12:10.380,-10.18257356,-48.3362181
213,"013.GEAPRO",Gerência de Análise Processual,Secretaria da Fazenda,"0",atualizar endereço,"0",,CENTRO,PALMAS,TO,"77001908","63 - 1234-5678",atualizar_email@sefaz.to.gov.br,2025-10-14 09:26:42.999,2025-11-14 08:12:10.381,-10.18257356,-48.3362181
214,"013.GEAPO",Gerência de Apoio,Secretaria da Fazenda,"0",atualizar endereço,"0",,CENTRO,PALMAS,TO,"77001908","63 - 1234-5678",atualizar_email@sefaz.to.gov.br,2025-10-14 09:26:42.999,2025-11-14 08:12:10.382,-10.18257356,-48.3362181
215,"013.GEAR",Gerência de Arrecadação,Secretaria da Fazenda,"0",atualizar endereço,"0",,CENTRO,PALMAS,TO,"77001908","63 - 1234-5678",atualizar_email@sefaz.to.gov.br,2025-10-14 09:26:42.999,2025-11-14 08:12:10.382,-10.18257356,-48.3362181
216,"013.GEAUFIS",Gerência de Automação Fiscal,Secretaria da Fazenda,"0",atualizar endereço,"0",,CENTRO,PALMAS,TO,"77001908","63 - 1234-5678",atualizar_email@sefaz.to.gov.br,2025-10-14 09:26:42.999,2025-11-14 08:12:10.383,-10.18257356,-48.3362181
217,"013.GEBAD",Gerência de Banco de Dados,Secretaria da Fazenda,"0",atualizar endereço,"0",,CENTRO,PALMAS,TO,"77001908","63 - 1234-5678",atualizar_email@sefaz.to.gov.br,2025-10-14 09:26:42.999,2025-11-14 08:12:10.383,-10.18257356,-48.3362181
218,"013.GEBEFI",Gerência de Benefícios Fiscais,Secretaria da Fazenda,"0",atualizar endereço,"0",,CENTRO,PALMAS,TO,"77001908","63 - 1234-5678",atualizar_email@sefaz.to.gov.br,2025-10-14 09:26:42.999,2025-11-14 08:12:10.384,-10.18257356,-48.3362181
219,"013.GECAD",Gerência de Cadastro,Secretaria da Fazenda,"0",atualizar endereço,"0",,CENTRO,PALMAS,TO,"77001908","63 - 1234-5678",atualizar_email@sefaz.to.gov.br,2025-10-14 09:26:42.999,2025-11-14 08:12:10.385,-10.18257356,-48.3362181
220,"013.GERCOBR",Gerência de Cobrança,Secretaria da Fazenda,"0",atualizar endereço,"0",,CENTRO,PINDORAMA DO TOCANTINS,TO,"77380000","63 - 1234-5678",atualizar_email@sefaz.to.gov.br,2025-10-14 09:26:42.999,2025-11-14 08:12:10.386,-11.13647682,-47.57978727
221,"013.GECOM",Gerência de Compras,Secretaria da Fazenda,"0",atualizar endereço,"0",,CENTRO,PALMAS,TO,"77001908","63 - 1234-5678",atualizar_email@sefaz.to.gov.br,2025-10-14 09:26:42.999,2025-11-14 08:12:10.386,-10.18257356,-48.3362181
222,"013.GECAS",Gerência de Controle de Acesso ao Siafe,Secretaria da Fazenda,"0",atualizar endereço,"0",,CENTRO,PALMAS,TO,"77001908","63 - 1234-5678",atualizar_email@sefaz.to.gov.br,2025-10-14 09:26:42.999,2025-11-14 08:12:10.387,-10.18257356,-48.3362181
223,"013.GEARPRO",Gerência de Controle e Acomp de Processos,Secretaria da Fazenda,"0",atualizar endereço,"0",,CENTRO,PORTO NACIONAL,TO,"77500-000","63 - 1234-5678",atualizar_email@sefaz.to.gov.br,2025-10-14 09:26:42.999,2025-11-14 08:12:10.387,-10.7098676,-48.40929633
224,"013.GECEC-TO",Gerência de Cotação Eletrônica - Compras-TO,Secretaria da Fazenda,"0",atualizar endereço,"0",,CENTRO,PALMAS,TO,"77001908","63 - 1234-5678",atualizar_email@sefaz.to.gov.br,2025-10-14 09:26:42.999,2025-11-14 08:12:10.388,-10.18257356,-48.3362181
225,"013.GEDENT",Gerência de Débitos não Tributários,Secretaria da Fazenda,"0",atualizar endereço,"0",,CENTRO,PALMAS,TO,"77001908","63 - 1234-5678",atualizar_email@sefaz.to.gov.br,2025-10-14 09:26:42.999,2025-11-14 08:12:10.389,-10.18257356,-48.3362181
226,"013.GEDEC",Gerência de Demonstrações Contábeis,Secretaria da Fazenda,"0",atualizar endereço,"0",,CENTRO,PALMAS,TO,"77001908","63 - 1234-5678",atualizar_email@sefaz.to.gov.br,2025-10-14 09:26:42.999,2025-11-14 08:12:10.389,-10.18257356,-48.3362181
227,"013.GEFOR",Gerência de e-Fornecedores,Secretaria da Fazenda,"0",atualizar endereço,"0",,CENTRO,PALMAS,TO,"77001908","63 - 1234-5678",atualizar_email@sefaz.to.gov.br,2025-10-14 09:26:42.999,2025-11-14 08:12:10.390,-10.18257356,-48.3362181
228,"013.GELDFIS",Gerência de Elaboração de Demons Fiscais,Secretaria da Fazenda,"0",atualizar endereço,"0",,CENTRO,PALMAS,TO,"77001908","63 - 1234-5678",atualizar_email@sefaz.to.gov.br,2025-10-14 09:26:42.999,2025-11-14 08:12:10.391,-10.18257356,-48.3362181
229,"013.GELED",Gerência de Elaboração de Editais,Secretaria da Fazenda,"0",atualizar endereço,"0",,CENTRO,PALMAS,TO,"77001908","63 - 1234-5678",atualizar_email@sefaz.to.gov.br,2025-10-14 09:26:42.999,2025-11-14 08:12:10.391,-10.18257356,-48.3362181
230,"013.GEORF",Gerência de Execução Orçamentária e Financeira,Secretaria da Fazenda,"0",atualizar endereço,"0",,CENTRO,PALMAS,TO,"77001908","63 - 1234-5678",atualizar_email@sefaz.to.gov.br,2025-10-14 09:26:42.999,2025-11-14 08:12:10.392,-10.18257356,-48.3362181
231,"013.GEFISTRA",Gerência de Fisc de Trânsito e Postos Fiscais,Secretaria da Fazenda,"0",atualizar endereço,"0",,CENTRO,PALMAS,TO,"77001908","63 - 1234-5678",atualizar_email@sefaz.to.gov.br,2025-10-14 09:26:42.999,2025-11-14 08:12:10.393,-10.18257356,-48.3362181
232,"013.GEFISEST",Gerência de Fiscalização de Estabelecimentos,Secretaria da Fazenda,"0",atualizar endereço,"0",,CENTRO,PALMAS,TO,"77001908","63 - 1234-5678",atualizar_email@sefaz.to.gov.br,2025-10-14 09:26:42.999,2025-11-14 08:12:10.394,-10.18257356,-48.3362181
233,"013.GEIMC",Gerência de Implantação de Custos,Secretaria da Fazenda,"0",atualizar endereço,"0",,CENTRO,PALMAS,TO,"77001908","63 - 1234-5678",atualizar_email@sefaz.to.gov.br,2025-10-14 09:26:42.999,2025-11-14 08:12:10.394,-10.18257356,-48.3362181
234,"013.GIRC",Gerência de Implementação de Rotinas Contábeis,Secretaria da Fazenda,"0",atualizar endereço,"0",,CENTRO,PALMAS,TO,"77001908","63 - 1234-5678",atualizar_email@sefaz.to.gov.br,2025-10-14 09:26:42.999,2025-11-14 08:12:10.395,-10.18257356,-48.3362181
235,"013.GEINFEC",Gerência de Informações Econômico-Fiscais,Secretaria da Fazenda,"0",atualizar endereço,"0",,CENTRO,PALMAS,TO,"77001908","63 - 1234-5678",atualizar_email@sefaz.to.gov.br,2025-10-14 09:26:42.999,2025-11-14 08:12:10.395,-10.18257356,-48.3362181
236,"013.GEIPLE",Gerência de IPVA e Leilões,Secretaria da Fazenda,"0",atualizar endereço,"0",,CENTRO,PALMAS,TO,"77001908","63 - 1234-5678",atualizar_email@sefaz.to.gov.br,2025-10-14 09:26:42.999,2025-11-14 08:12:10.396,-10.18257356,-48.3362181
237,"013.GITCMD",Gerência de ITCMD,Secretaria da Fazenda,"0",atualizar endereço,"0",,CENTRO,PALMAS,TO,"77001908","63 - 1234-5678",atualizar_email@sefaz.to.gov.br,2025-10-14 09:26:42.999,2025-11-14 08:12:10.397,-10.18257356,-48.3362181
238,"013.GEINFAZ",Gerência de Monitoramento e Insp Adm Fazendária,Secretaria da Fazenda,"0",atualizar endereço,"0",,CENTRO,PALMAS,TO,"77001908","63 - 1234-5678",atualizar_email@sefaz.to.gov.br,2025-10-14 09:26:42.999,2025-11-14 08:12:10.398,-10.18257356,-48.3362181
239,"013.GENAC",Gerência de Normas para a apuração de Custos,Secretaria da Fazenda,"0",atualizar endereço,"0",,CENTRO,PALMAS,TO,"77001908","63 - 1234-5678",atualizar_email@sefaz.to.gov.br,2025-10-14 09:26:42.999,2025-11-14 08:12:10.398,-10.18257356,-48.3362181
240,"013.GENOR",Gerência de Normatização,Secretaria da Fazenda,"0",atualizar endereço,"0",,CENTRO,PALMAS,TO,"77001908","63 - 1234-5678",atualizar_email@sefaz.to.gov.br,2025-10-14 09:26:42.999,2025-11-14 08:12:10.399,-10.18257356,-48.3362181
241,"013.GENOCON",Gerência de Normatização Contábil,Secretaria da Fazenda,"0",atualizar endereço,"0",,CENTRO,PALMAS,TO,"77001908","63 - 1234-5678",atualizar_email@sefaz.to.gov.br,2025-10-14 09:26:42.999,2025-11-14 08:12:10.399,-10.18257356,-48.3362181
242,"013.GEPFI",Gerência de Planejamento Financeiro,Secretaria da Fazenda,"0",atualizar endereço,"0",,CENTRO,PALMAS,TO,"77001908","63 - 1234-5678",atualizar_email@sefaz.to.gov.br,2025-10-14 09:26:42.999,2025-11-14 08:12:10.400,-10.18257356,-48.3362181
243,"013.GEPROC",Gerência de Processos e Procedimentos,Secretaria da Fazenda,"0",atualizar endereço,"0",,CENTRO,PALMAS,TO,"77001908","63 - 1234-5678",atualizar_email@sefaz.to.gov.br,2025-10-14 09:26:42.999,2025-11-14 08:12:10.400,-10.18257356,-48.3362181
244,"013.GECAED","Gerência de Programação, Capacit e Educação",Secretaria da Fazenda,"0",atualizar endereço,"0",,CENTRO,PALMAS,TO,"77001908","63 - 1234-5678",atualizar_email@sefaz.to.gov.br,2025-10-14 09:26:42.999,2025-11-14 08:12:10.401,-10.18257356,-48.3362181
245,"013.GERCOM",Gerência de Redes e Comunicação,Secretaria da Fazenda,"0",atualizar endereço,"0",,CENTRO,PALMAS,TO,"77001908","63 - 1234-5678",atualizar_email@sefaz.to.gov.br,2025-10-14 09:26:42.999,2025-11-14 08:12:10.402,-10.18257356,-48.3362181
246,"013.GESDI",Gerência de Segurança Digital,Secretaria da Fazenda,"0",atualizar endereço,"0",,CENTRO,PALMAS,TO,"77001908","63 - 1234-5678",atualizar_email@sefaz.to.gov.br,2025-10-14 09:26:42.999,2025-11-14 08:12:10.402,-10.18257356,-48.3362181
247,"013.GESDAT",Gerência de Servidores e Data Center,Secretaria da Fazenda,"0",atualizar endereço,"0",,CENTRO,PALMAS,TO,"77001908","63 - 1234-5678",atualizar_email@sefaz.to.gov.br,2025-10-14 09:26:42.999,2025-11-14 08:12:10.403,-10.18257356,-48.3362181
248,"013.GESFIN",Gerência de Sistemas Financeiros,Secretaria da Fazenda,"0",atualizar endereço,"0",,CENTRO,PALMAS,TO,"77001908","63 - 1234-5678",atualizar_email@sefaz.to.gov.br,2025-10-14 09:26:42.999,2025-11-14 08:12:10.403,-10.18257356,-48.3362181
249,"013.GESITRI",Gerência de Sistemas Tributários,Secretaria da Fazenda,"0",atualizar endereço,"0",,CENTRO,PALMAS,TO,"77001908","63 - 1234-5678",atualizar_email@sefaz.to.gov.br,2025-10-14 09:26:42.999,2025-11-14 08:12:10.404,-10.18257356,-48.3362181
250,"013.GESUT",Gerência de Substituição Tributária,Secretaria da Fazenda,"0",atualizar endereço,"0",,CENTRO,PALMAS,TO,"77001908","63 - 1234-5678",atualizar_email@sefaz.to.gov.br,2025-10-14 09:26:42.999,2025-11-14 08:12:10.404,-10.18257356,-48.3362181
251,"013.GESOP",Gerência de Suporte e Operações,Secretaria da Fazenda,"1",atualizar endereço,"0",,CENTRO,PALMAS,TO,"77001908","63 - 1234-5678",atualizar_email@sefaz.to.gov.br,2025-10-14 09:26:42.999,2025-11-14 08:17:32.843,-10.18257356,-48.3362181
252,"013.GETHO",Gerência de Testes e Homologação,Secretaria da Fazenda,"0",atualizar endereço,"0",,CENTRO,PALMAS,TO,"77001908","63 - 1234-5678",atualizar_email@sefaz.to.gov.br,2025-10-14 09:26:42.999,2025-11-14 08:12:10.405,-10.18257356,-48.3362181
253,"013.GETRANS",Gerência de Transporte,Secretaria da Fazenda,"0",atualizar endereço,"0",,CENTRO,PALMAS,TO,"77001908","63 - 1234-5678",atualizar_email@sefaz.to.gov.br,2025-10-14 09:26:42.999,2025-11-14 08:12:10.406,-10.18257356,-48.3362181
254,"013.GETEC",Gerência de Tribut de Energia e Comunicação,Secretaria da Fazenda,"0",atualizar endereço,"0",,CENTRO,PALMAS,TO,"77001908","63 - 1234-5678",atualizar_email@sefaz.to.gov.br,2025-10-14 09:26:42.999,2025-11-14 08:12:10.416,-10.18257356,-48.3362181
255,"013.GETC",Gerência de Tributação de Combustível,Secretaria da Fazenda,"0",atualizar endereço,"0",,CENTRO,PALMAS,TO,"77001908","63 - 1234-5678",atualizar_email@sefaz.to.gov.br,2025-10-14 09:26:42.999,2025-11-14 08:12:10.417,-10.18257356,-48.3362181
256,"013.GETACE",Gerência de Tributação do Agron e Com Exterior,Secretaria da Fazenda,"0",atualizar endereço,"0",,CENTRO,PALMAS,TO,"77001908","63 - 1234-5678",atualizar_email@sefaz.to.gov.br,2025-10-14 09:26:42.999,2025-11-14 08:12:10.418,-10.18257356,-48.3362181
257,"013.GEGADM",Gerência Geral de Administração,Secretaria da Fazenda,"0",atualizar endereço,"0",,CENTRO,PALMAS,TO,"77001908","63 - 1234-5678",atualizar_email@sefaz.to.gov.br,2025-10-14 09:26:42.999,2025-11-14 08:12:10.419,-10.18257356,-48.3362181
258,"013.MCPPDS",Membro Com P Proc Disc Sindicâncias e Revisão,Secretaria da Fazenda,"0",atualizar endereço,"0",,CENTRO,PALMAS,TO,"77001908","63 - 1234-5678",atualizar_email@sefaz.to.gov.br,2025-10-14 09:26:42.999,2025-11-14 08:12:10.419,-10.18257356,-48.3362181
259,"013.OUVFA",Ouvidoria Fazendária,Secretaria da Fazenda,"0",atualizar endereço,"0",,CENTRO,PALMAS,TO,"77001908","63 - 1234-5678",atualizar_email@sefaz.to.gov.br,2025-10-14 09:26:42.999,2025-11-14 08:12:10.419,-10.18257356,-48.3362181
260,"013.POSFISBAL",Posto Fiscal - Balsa,Secretaria da Fazenda,"0",atualizar endereço,"0",,CENTRO,TOCANTINOPOLIS,TO,"77900000","63 - 1234-5678",atualizar_email@sefaz.to.gov.br,2025-10-14 09:26:42.999,2025-11-14 08:12:10.420,-6.32894794,-47.42165918
261,"013.POFIBEVI",Posto Fiscal - Bela Vista,Secretaria da Fazenda,"0",atualizar endereço,"0",,CENTRO,SAO MIGUEL DO TOCANTINS,TO,"77925000","63 - 1234-5678",atualizar_email@sefaz.to.gov.br,2025-10-14 09:26:42.999,2025-11-14 08:12:10.420,-5.55395652,-47.5781227
262,"013.POFIBEI",Posto Fiscal - Bezerra I,Secretaria da Fazenda,"0",atualizar endereço,"0",,CENTRO,ARRAIAS,TO,"77330000","63 - 1234-5678",atualizar_email@sefaz.to.gov.br,2025-10-14 09:26:42.999,2025-11-14 08:12:10.421,-12.92648446,-46.94742596
263,"013.POSFISCAS",Posto Fiscal - Caseara,Secretaria da Fazenda,"0",atualizar endereço,"0",,CENTRO,CASEARA,TO,"77680000","63 - 1234-5678",atualizar_email@sefaz.to.gov.br,2025-10-14 09:26:42.999,2025-11-14 08:12:10.421,-9.27089821,-49.95509705
264,"013.POFICOMA",Posto Fiscal - Couto Magalhaes,Secretaria da Fazenda,"0",atualizar endereço,"0",,CENTRO,COUTO MAGALHAES,TO,"77750000","63 - 1234-5678",atualizar_email@sefaz.to.gov.br,2025-10-14 09:26:42.999,2025-11-14 08:12:10.422,-8.35932739,-49.17851748
265,"013.POFIDUPO",Posto Fiscal - Duas Pontes,Secretaria da Fazenda,"0",atualizar endereço,"0",,CENTRO,TAGUATINGA,TO,"77320000","63 - 1234-5678",atualizar_email@sefaz.to.gov.br,2025-10-14 09:26:42.999,2025-11-14 08:12:10.422,-12.40913505,-46.43140623
266,"013.POSFISEST",Posto Fiscal - Estreito,Secretaria da Fazenda,"0",atualizar endereço,"0",,CENTRO,AGUIARNOPOLIS,TO,"77908000","63 - 1234-5678",atualizar_email@sefaz.to.gov.br,2025-10-14 09:26:42.999,2025-11-14 08:12:10.423,-6.55890546,-47.47688129
267,"013.POSFISFIL",Posto Fiscal - Filadelfia,Secretaria da Fazenda,"0",atualizar endereço,"0",,CENTRO,FILADELFIA,TO,"77795000","63 - 1234-5678",atualizar_email@sefaz.to.gov.br,2025-10-14 09:26:42.999,2025-11-14 08:12:10.423,-7.33709974,-47.49678275
268,"013.POFIJATO",Posto Fiscal - Jau do Tocantins,Secretaria da Fazenda,"0",atualizar endereço,"0",,CENTRO,JAU DO TOCANTINS,TO,"77450000","63 - 1234-5678",atualizar_email@sefaz.to.gov.br,2025-10-14 09:26:42.999,2025-11-14 08:12:10.424,-12.65267632,-48.59176286
269,"013.POSFISLEV",Posto Fiscal - Levantado,Secretaria da Fazenda,"0",atualizar endereço,"0",,CENTRO,TAGUATINGA,TO,"77320000","63 - 1234-5678",atualizar_email@sefaz.to.gov.br,2025-10-14 09:26:42.999,2025-11-14 08:12:10.424,-12.40913505,-46.43140623
270,"013.POFINOAL",Posto Fiscal - Novo Alegre,Secretaria da Fazenda,"0",atualizar endereço,"0",,CENTRO,NOVO ALEGRE,TO,"77353000","63 - 1234-5678",atualizar_email@sefaz.to.gov.br,2025-10-14 09:26:42.999,2025-11-14 08:12:10.425,-12.91525868,-46.57648926
271,"013.POFIPADA",Posto Fiscal - Pau Darco,Secretaria da Fazenda,"0",atualizar endereço,"0",,CENTRO,PAU DARCO,TO,"77785000","63 - 1234-5678",atualizar_email@sefaz.to.gov.br,2025-10-14 09:26:42.999,2025-11-14 08:12:10.425,-7.5422365,-49.36723715
272,"013.POFISEGE",Posto Fiscal - Serra Geral,Secretaria da Fazenda,"0",atualizar endereço,"0",,CENTRO,TAGUATINGA,TO,"77320000","63 - 1234-5678",atualizar_email@sefaz.to.gov.br,2025-10-14 09:26:42.999,2025-11-14 08:12:10.425,-12.40913505,-46.43140623
273,"013.POSFISTAL",Posto Fiscal - Talisma,Secretaria da Fazenda,"0",atualizar endereço,"0",,CENTRO,TALISMA,TO,"77483000","63 - 1234-5678",atualizar_email@sefaz.to.gov.br,2025-10-14 09:26:42.999,2025-11-14 08:12:10.426,-12.79811766,-49.09249063
274,"013.POSFISTRA",Posto Fiscal - Transamazonica,Secretaria da Fazenda,"0",atualizar endereço,"0",,CENTRO,AUGUSTINOPOLIS,TO,"77960000","63 - 1234-5678",atualizar_email@sefaz.to.gov.br,2025-10-14 09:26:42.999,2025-11-14 08:12:10.427,-5.46479565,-47.88496084
275,"013.PRESCONT",Presidência do Contencioso Adm Tributário,Secretaria da Fazenda,"0",atualizar endereço,"0",,CENTRO,PALMAS,TO,"77001908","63 - 1234-5678",atualizar_email@sefaz.to.gov.br,2025-10-14 09:26:42.999,2025-11-14 08:12:10.428,-10.18257356,-48.3362181
276,"013.PCPPDS",Presidente Com P Proc Disc Sindicâncias e Revisão,Secretaria da Fazenda,"0",atualizar endereço,"0",,CENTRO,PALMAS,TO,"77001908","63 - 1234-5678",atualizar_email@sefaz.to.gov.br,2025-10-14 09:26:42.999,2025-11-14 08:12:10.428,-10.18257356,-48.3362181
277,"013.SEGER2",Secretaria-Geral,Secretaria da Fazenda,"0",atualizar endereço,"0",,CENTRO,PALMAS,TO,"77001908","63 - 1234-5678",atualizar_email@sefaz.to.gov.br,2025-10-14 09:26:42.999,2025-11-14 08:12:10.429,-10.18257356,-48.3362181
278,"013.SAF",Superintendência de Administração e Finanças,Secretaria da Fazenda,"0",atualizar endereço,"0",,CENTRO,PALMAS,TO,"77001908","63 - 1234-5678",atualizar_email@sefaz.to.gov.br,2025-10-14 09:26:42.999,2025-11-14 08:12:10.430,-10.18257356,-48.3362181
279,"013.SUATRI",Superintendência de Administração Tributária,Secretaria da Fazenda,"0",atualizar endereço,"0",,CENTRO,PALMAS,TO,"77001908","63 - 1234-5678",atualizar_email@sefaz.to.gov.br,2025-10-14 09:26:42.999,2025-11-14 08:12:10.430,-10.18257356,-48.3362181
280,"013.SUASJUR",Superintendência de Assuntos Jurídicos,Secretaria da Fazenda,"0",atualizar endereço,"0",,CENTRO,PALMAS,TO,"77001908","63 - 1234-5678",atualizar_email@sefaz.to.gov.br,2025-10-14 09:26:42.999,2025-11-14 08:12:10.431,-10.18257356,-48.3362181
281,"013.SUCOLI",Superintendência de Compras e Central de Licitação,Secretaria da Fazenda,"0",atualizar endereço,"0",,CENTRO,PALMAS,TO,"77001908","63 - 1234-5678",atualizar_email@sefaz.to.gov.br,2025-10-14 09:26:42.999,2025-11-14 08:12:10.431,-10.18257356,-48.3362181
282,"013.SUCOG",Superintendência de Contabilidade Geral,Secretaria da Fazenda,"0",atualizar endereço,"0",,CENTRO,PALMAS,TO,"77001908","63 - 1234-5678",atualizar_email@sefaz.to.gov.br,2025-10-14 09:26:42.999,2025-11-14 08:12:10.431,-10.18257356,-48.3362181
283,"013.SUPEFE",Superintendência de Enfret a Frau Fis Estruturadas,Secretaria da Fazenda,"0",atualizar endereço,"0",,CENTRO,PALMAS,TO,"77001908","63 - 1234-5678",atualizar_email@sefaz.to.gov.br,2025-10-14 09:26:42.999,2025-11-14 08:12:10.432,-10.18257356,-48.3362181
284,"013.SUTIF",Superintendência de Tecnol e Inov Fazendária,Secretaria da Fazenda,"0",atualizar endereço,"0",,CENTRO,PALMAS,TO,"77001908","63 - 1234-5678",atualizar_email@sefaz.to.gov.br,2025-10-14 09:26:42.999,2025-11-14 08:12:10.432,-10.18257356,-48.3362181
285,"013.SUTES",Superintendência do Tesouro Estadual,Secretaria da Fazenda,"0",atualizar endereço,"0",,CENTRO,PALMAS,TO,"77001908","63 - 1234-5678",atualizar_email@sefaz.to.gov.br,2025-10-14 09:26:42.999,2025-11-14 08:12:10.433,-10.18257356,-48.3362181
286,"013.SERCED",Servidores Cedidos Externos,Secretaria da Fazenda,"0",atualizar endereço,"0",,CENTRO,PALMAS,TO,"77001908","63 - 1234-5678",atualizar_email@sefaz.to.gov.br,2025-10-14 09:26:42.999,2025-11-14 08:12:10.433,-10.18257356,-48.3362181
291,"013.PROTCENT",Protocolo Geral - Sefaz ,Secretaria da Fazenda,"1",Praça Girassóis,sem número,,Plano Diretor Norte,Palmas,TO,"77001-908",(63) 3027-2003,gprotocolo@sefaz.to.gov.br,2025-10-29 11:27:32.334,2025-10-29 11:46:41.215,-10.18380672,-48.33632469
