ID;CODIGO_SETOR;NOME_SETOR;ORGAO;ATIVO;LOGRADOURO;NUMERO;COMPLEMENTO;BAIRRO;CIDADE;ESTADO;CEP;TELEFONE;EMAIL;DATA_CRIACAO;DATA_ATUALIZACAO;LATITUDE;LONGITUDE
1;013.AGEATBAT;Agência de Atendimento Bandeirantes do Tocantins;Secretaria da Fazenda;1;atualizar endereço;0;;CENTRO;BANDEIRANTES DO TOCANTINS;TO;77783000;63 - 1234-5678;atualizar_email@sefaz.to.gov.br;09/10/2025 08:28;09/10/2025 08:28;-7.76047890;-48.57865857
2;013.AGEATABR;Agência de Atendimento de Abreulândia;Secretaria da Fazenda;1;atualizar endereço;0;;CENTRO;ABREULANDIA;TO;77693000;63 - 1234-5678;atualizar_email@sefaz.to.gov.br;09/10/2025 08:28;09/10/2025 08:28;-9.62211431;-49.15200538
3;013.AGEATAGU;Agência de Atendimento de Aguiarnópolis;Secretaria da Fazenda;1;atualizar endereço;0;;CENTRO;AGUIARNOPOLIS;TO;77908-000;63 - 1234-5678;atualizar_email@sefaz.to.gov.br;09/10/2025 08:28;09/10/2025 08:28;-6.56256251;-47.47102430
4;013.AGEATALT;Agência de Atendimento de Aliança do Tocantins;Secretaria da Fazenda;1;atualizar endereço;0;;CENTRO;ALIANCA DO TOCANTINS;TO;77455000;63 - 1234-5678;atualizar_email@sefaz.to.gov.br;09/10/2025 08:28;09/10/2025 08:28;-11.30677761;-48.93887309
5;013.AGEATALM;Agência de Atendimento de Almas;Secretaria da Fazenda;1;atualizar endereço;0;;CENTRO;ALMAS;TO;77310000;63 - 1234-5678;atualizar_email@sefaz.to.gov.br;09/10/2025 08:28;09/10/2025 08:28;-11.56794243;-47.17041349
6;013.AGEATALV;Agência de Atendimento de Alvorada;Secretaria da Fazenda;1;atualizar endereço;0;;CENTRO;ALVORADA;TO;77480000;63 - 1234-5678;atualizar_email@sefaz.to.gov.br;09/10/2025 08:28;09/10/2025 08:28;-12.49298486;-49.13165217
7;013.AGEATANN;Agência de Atendimento de Ananás;Secretaria da Fazenda;1;atualizar endereço;0;;CENTRO;ANANAS;TO;77890000;63 - 1234-5678;atualizar_email@sefaz.to.gov.br;09/10/2025 08:28;09/10/2025 08:28;-6.36779215;-48.07313905
8;013.AGEATANG;Agência de Atendimento de Angico;Secretaria da Fazenda;1;atualizar endereço;0;;CENTRO;ANGICO;TO;77905000;63 - 1234-5678;atualizar_email@sefaz.to.gov.br;09/10/2025 08:28;09/10/2025 08:28;-6.39083582;-47.86685008
9;013.AGEATARN;Agência de Atendimento de Aparecida do Rio Negro;Secretaria da Fazenda;1;atualizar endereço;0;;CENTRO;APARECIDA DO RIO NEGRO;TO;77620000;63 - 1234-5678;atualizar_email@sefaz.to.gov.br;09/10/2025 08:28;09/10/2025 08:28;-9.95165370;-47.97803725
10;013.AGEATARG;Agência de Atendimento de Aragominas;Secretaria da Fazenda;1;atualizar endereço;0;;CENTRO;ARAGOMINAS;TO;77845000;63 - 1234-5678;atualizar_email@sefaz.to.gov.br;09/10/2025 08:28;09/10/2025 08:28;-7.16556223;-48.52594278
11;013.AGEATARC;Agência de Atendimento de Araguacema;Secretaria da Fazenda;1;atualizar endereço;0;;CENTRO;ARAGUACEMA;TO;77690000;63 - 1234-5678;atualizar_email@sefaz.to.gov.br;09/10/2025 08:28;09/10/2025 08:28;-8.81696515;-49.55996086
12;013.AGEATARU;Agência de Atendimento de Araguaçu;Secretaria da Fazenda;1;atualizar endereço;0;;CENTRO;ARAGUACU;TO;77475000;63 - 1234-5678;atualizar_email@sefaz.to.gov.br;09/10/2025 08:28;09/10/2025 08:28;-12.92665084;-49.82941942
13;013.AGEATARA;Agência de Atendimento de Araguaína;Secretaria da Fazenda;1;atualizar endereço;0;;CENTRO;ARAGUAINA;TO;77804180;63 - 1234-5678;atualizar_email@sefaz.to.gov.br;09/10/2025 08:28;09/10/2025 08:28;-7.18790788;-48.21020785
14;013.AGEATAGN;Agência de Atendimento de Araguanã;Secretaria da Fazenda;1;atualizar endereço;0;;CENTRO;ARAGUANÃ;TO;77855000;63 - 1234-5678;atualizar_email@sefaz.to.gov.br;09/10/2025 08:28;09/10/2025 08:28;-6.58020265;-48.64249290
15;013.AGEATAGI;Agência de Atendimento de Araguatins;Secretaria da Fazenda;1;atualizar endereço;0;;CENTRO;ARAGUATINS;TO;77950000;63 - 1234-5678;atualizar_email@sefaz.to.gov.br;09/10/2025 08:28;09/10/2025 08:28;-5.64611309;-48.11789532
16;013.AGEATARP;Agência de Atendimento de Arapoema;Secretaria da Fazenda;1;atualizar endereço;0;;CENTRO;ARAPOEMA;TO;77780000;63 - 1234-5678;atualizar_email@sefaz.to.gov.br;09/10/2025 08:28;09/10/2025 08:28;-7.65730758;-49.06621335
17;013.AGEATARR;Agência de Atendimento de Arraias;Secretaria da Fazenda;1;atualizar endereço;0;;CENTRO;ARRAIAS;TO;77330000;63 - 1234-5678;atualizar_email@sefaz.to.gov.br;09/10/2025 08:28;09/10/2025 08:28;-12.92648446;-46.94742596
18;013.AGEATAUG;Agência de Atendimento de Augustinópolis;Secretaria da Fazenda;1;atualizar endereço;0;;CENTRO;SAMPAIO;TO;77980000;63 - 1234-5678;atualizar_email@sefaz.to.gov.br;09/10/2025 08:28;09/10/2025 08:28;-5.35306399;-47.87794871
19;013.AGEATAUT;Agência de Atendimento de Aurora do Tocantins;Secretaria da Fazenda;1;atualizar endereço;0;;CENTRO;AURORA DO TOCANTINS;TO;77325000;63 - 1234-5678;atualizar_email@sefaz.to.gov.br;09/10/2025 08:28;09/10/2025 08:28;-12.71259782;-46.40821519
20;013.AGEATAXT;Agência de Atendimento de Axixá do Tocantins;Secretaria da Fazenda;1;atualizar endereço;0;;CENTRO;AXIXA DO TOCANTINS;TO;77930000;63 - 1234-5678;atualizar_email@sefaz.to.gov.br;09/10/2025 08:28;09/10/2025 08:28;-5.61353831;-47.76648583
21;013.AGEATBBL;Agência de Atendimento de Babaçulândia;Secretaria da Fazenda;1;atualizar endereço;0;;CENTRO;BABACULANDIA;TO;77870000;63 - 1234-5678;atualizar_email@sefaz.to.gov.br;09/10/2025 08:28;09/10/2025 08:28;-7.20257193;-47.75975064
22;013.AGEATBAR;Agência de Atendimento de Barrolândia;Secretaria da Fazenda;1;atualizar endereço;0;;CENTRO;BARROLANDIA;TO;77665000;63 - 1234-5678;atualizar_email@sefaz.to.gov.br;09/10/2025 08:28;09/10/2025 08:28;-9.83627800;-48.72490463
23;013.AGEATBES;Agência de Atendimento de Bernardo Sayão;Secretaria da Fazenda;1;atualizar endereço;0;;CENTRO;BERNARDO SAYAO;TO;77755000;63 - 1234-5678;atualizar_email@sefaz.to.gov.br;09/10/2025 08:28;09/10/2025 08:28;-7.88043425;-48.89638194
24;013.AGEATBJT;Agência de Atendimento de Bom Jesus do Tocantins;Secretaria da Fazenda;1;atualizar endereço;0;;CENTRO;BOM JESUS DO TOCANTINS;TO;77714000;63 - 1234-5678;atualizar_email@sefaz.to.gov.br;09/10/2025 08:28;09/10/2025 08:28;-8.96216893;-48.16224659
25;013.AGEATBRT;Agência de Atendimento de Brasilândia do Tocantins;Secretaria da Fazenda;1;atualizar endereço;0;;CENTRO;BRASILANDIA DO TOCANTINS;TO;77735000;63 - 1234-5678;atualizar_email@sefaz.to.gov.br;09/10/2025 08:28;09/10/2025 08:28;-8.38832003;-48.48438475
26;013.AGEATBRN;Agência de Atendimento de Brejinho de Nazaré;Secretaria da Fazenda;1;atualizar endereço;0;;CENTRO;BREJINHO DE NAZARE;TO;77560000;63 - 1234-5678;atualizar_email@sefaz.to.gov.br;09/10/2025 08:28;09/10/2025 08:28;-11.01393859;-48.56392375
27;013.AGEATBUT;Agência de Atendimento de Buriti do Tocantins;Secretaria da Fazenda;1;atualizar endereço;0;;CENTRO;BURITI DO TOCANTINS;TO;77995000;63 - 1234-5678;atualizar_email@sefaz.to.gov.br;09/10/2025 08:28;09/10/2025 08:28;-5.31616092;-48.22666339
28;013.AGEATCAL;Agência de Atendimento de Campos Lindos;Secretaria da Fazenda;1;atualizar endereço;0;;CENTRO;CAMPOS LINDOS;TO;77777000;63 - 1234-5678;atualizar_email@sefaz.to.gov.br;09/10/2025 08:28;09/10/2025 08:28;-7.97383037;-46.80170642
29;013.AGEATCRR;Agência de Atendimento de Cariri do Tocantins;Secretaria da Fazenda;1;atualizar endereço;0;;CENTRO;CARIRI DO TOCANTINS;TO;77453000;63 - 1234-5678;atualizar_email@sefaz.to.gov.br;09/10/2025 08:28;09/10/2025 08:28;-11.89183885;-49.15982345
30;013.AGEATCAR;Agência de Atendimento de Carmolândia;Secretaria da Fazenda;1;atualizar endereço;0;;CENTRO;CARMOLANDIA;TO;77840000;63 - 1234-5678;atualizar_email@sefaz.to.gov.br;09/10/2025 08:28;09/10/2025 08:28;-7.03554318;-48.39600976
31;013.AGEATCAS;Agência de Atendimento de Caseara;Secretaria da Fazenda;1;atualizar endereço;0;;CENTRO;CASEARA;TO;77680000;63 - 1234-5678;atualizar_email@sefaz.to.gov.br;09/10/2025 08:28;09/10/2025 08:28;-9.27089821;-49.95509705
32;013.AGEATCOL;Agência de Atendimento de Colinas do Tocantins;Secretaria da Fazenda;1;atualizar endereço;0;;CENTRO;COLINAS DO TOCANTINS;TO;77760000;63 - 1234-5678;atualizar_email@sefaz.to.gov.br;09/10/2025 08:28;09/10/2025 08:28;-8.05561687;-48.47679668
33;013.AGEATCML;Agência de Atendimento de Colméia;Secretaria da Fazenda;1;atualizar endereço;0;;CENTRO;COLMEIA;TO;77725000;63 - 1234-5678;atualizar_email@sefaz.to.gov.br;09/10/2025 08:28;09/10/2025 08:28;-8.72985330;-48.75524082
34;013.AGEATCBN;Agência de Atendimento de Combinado;Secretaria da Fazenda;1;atualizar endereço;0;;CENTRO;COMBINADO;TO;77350000;63 - 1234-5678;atualizar_email@sefaz.to.gov.br;09/10/2025 08:28;09/10/2025 08:28;-12.81211057;-46.54838440
35;013.AGEATCOT;Agência de Atendimento de Conceição do Tocantins;Secretaria da Fazenda;1;atualizar endereço;0;;CENTRO;CONCEICAO DO TOCANTINS;TO;77305000;63 - 1234-5678;atualizar_email@sefaz.to.gov.br;09/10/2025 08:28;09/10/2025 08:28;-12.22112271;-47.29368428
36;013.AGEATCOM;Agência de Atendimento de Couto Magalhães;Secretaria da Fazenda;1;atualizar endereço;0;;CENTRO;COUTO MAGALHAES;TO;77750000;63 - 1234-5678;atualizar_email@sefaz.to.gov.br;09/10/2025 08:28;09/10/2025 08:28;-8.35932739;-49.17851748
37;013.AGEATCRI;Agência de Atendimento de Cristalãndia;Secretaria da Fazenda;1;atualizar endereço;0;;CENTRO;CRISTALÂNDIA;TO;77490000;63 - 1234-5678;atualizar_email@sefaz.to.gov.br;09/10/2025 08:28;09/10/2025 08:28;-10.59956173;-49.19369924
38;013.AGEATDAR;Agência de Atendimento de Darcinópolis;Secretaria da Fazenda;1;atualizar endereço;0;;CENTRO;DARCINOPOLIS;TO;77910000;63 - 1234-5678;atualizar_email@sefaz.to.gov.br;09/10/2025 08:28;09/10/2025 08:28;-6.70896138;-47.75139313
39;013.AGEATDIA;Agência de Atendimento de Dianópolis;Secretaria da Fazenda;1;atualizar endereço;0;;CENTRO;DIANOPOLIS;TO;77300000;63 - 1234-5678;atualizar_email@sefaz.to.gov.br;09/10/2025 08:28;09/10/2025 08:28;-11.61999625;-46.82309188
40;013.AGEATDIV;Agência de Atendimento de Divinópolis do Tocantins;Secretaria da Fazenda;1;atualizar endereço;0;;CENTRO;DIVINOPOLIS DO TOCANTINS;TO;77670000;63 - 1234-5678;atualizar_email@sefaz.to.gov.br;09/10/2025 08:28;09/10/2025 08:28;-9.80096528;-49.21154317
41;013.AGEATDOI;Agência de Atendimento de Dois irmãos do Tocantins;Secretaria da Fazenda;1;atualizar endereço;0;;CENTRO;DOIS IRMÃOS DO TOCANTINS;TO;77685000;63 - 1234-5678;atualizar_email@sefaz.to.gov.br;09/10/2025 08:28;09/10/2025 08:28;-9.25356354;-49.06580340
42;013.AGEATDUE;Agência de Atendimento de Dueré;Secretaria da Fazenda;1;atualizar endereço;0;;CENTRO;DUERE;TO;77485000;63 - 1234-5678;atualizar_email@sefaz.to.gov.br;09/10/2025 08:28;09/10/2025 08:28;-11.34280460;-49.26678068
43;013.AGEATFAT;Agência de Atendimento de Fátima;Secretaria da Fazenda;1;atualizar endereço;0;;CENTRO;FATIMA;TO;77555000;63 - 1234-5678;atualizar_email@sefaz.to.gov.br;09/10/2025 08:28;09/10/2025 08:28;-10.75941919;-48.90421942
44;013.AGEATFIG;Agência de Atendimento de Figueirópolis;Secretaria da Fazenda;1;atualizar endereço;0;;CENTRO;FIGUEIROPOLIS;TO;77465000;63 - 1234-5678;atualizar_email@sefaz.to.gov.br;09/10/2025 08:28;09/10/2025 08:28;-12.13411729;-49.17324924
45;013.AGEATFID;Agência de Atendimento de Filadélfia;Secretaria da Fazenda;1;atualizar endereço;0;;CENTRO;FILADELFIA;TO;77795000;63 - 1234-5678;atualizar_email@sefaz.to.gov.br;09/10/2025 08:28;09/10/2025 08:28;-7.33709974;-47.49678275
46;013.AGEATFOA;Agência de Atendimento de Formoso do Araguaia;Secretaria da Fazenda;1;atualizar endereço;0;;CENTRO;FORMOSO DO ARAGUAIA;TO;77470000;63 - 1234-5678;atualizar_email@sefaz.to.gov.br;09/10/2025 08:28;09/10/2025 08:28;-11.80786744;-49.52335182
47;013.AGEATGOI;Agência de Atendimento de Goianorte;Secretaria da Fazenda;1;atualizar endereço;0;;CENTRO;GOIANORTE;TO;77695000;63 - 1234-5678;atualizar_email@sefaz.to.gov.br;09/10/2025 08:28;09/10/2025 08:28;-8.77052588;-48.93533880
48;013.AGEATGOT;Agência de Atendimento de Goiatins;Secretaria da Fazenda;1;atualizar endereço;0;;CENTRO;GOIATINS;TO;77770000;63 - 1234-5678;atualizar_email@sefaz.to.gov.br;09/10/2025 08:28;09/10/2025 08:28;-7.71143087;-47.31702262
49;013.AGEATGUA;Agência de Atendimento de Guaraí;Secretaria da Fazenda;1;atualizar endereço;0;;CENTRO;GUARAI;TO;77700000;63 - 1234-5678;atualizar_email@sefaz.to.gov.br;09/10/2025 08:28;09/10/2025 08:28;-8.83809054;-48.51318267
50;013.AGEATGUR;Agência de Atendimento de Gurupi;Secretaria da Fazenda;1;atualizar endereço;0;;CENTRO;GURUPI;TO;77410070;63 - 1234-5678;atualizar_email@sefaz.to.gov.br;09/10/2025 08:28;09/10/2025 08:28;-11.71996380;-49.07489369
51;013.AGEATITA;Agência de Atendimento de Itacajá;Secretaria da Fazenda;1;atualizar endereço;0;;CENTRO;ITACAJA;TO;77720000;63 - 1234-5678;atualizar_email@sefaz.to.gov.br;09/10/2025 08:28;09/10/2025 08:28;-8.39109511;-47.77224400
52;013.AGEATITG;Agência de Atendimento de Itaguatins;Secretaria da Fazenda;1;atualizar endereço;0;;CENTRO;ITAGUATINS;TO;77920000;63 - 1234-5678;atualizar_email@sefaz.to.gov.br;09/10/2025 08:28;09/10/2025 08:28;-5.77367351;-47.48091584
53;013.AGEATITP;Agência de Atendimento de Itapiratins;Secretaria da Fazenda;1;atualizar endereço;0;;CENTRO;ITAPIRATINS;TO;77718000;63 - 1234-5678;atualizar_email@sefaz.to.gov.br;09/10/2025 08:28;09/10/2025 08:28;-8.38326468;-48.10648883
54;013.AGEATITT;Agência de Atendimento de Itaporã do Tocantins;Secretaria da Fazenda;1;atualizar endereço;0;;CENTRO;ITAPORA DO TOCANTINS;TO;77740000;63 - 1234-5678;atualizar_email@sefaz.to.gov.br;09/10/2025 08:28;09/10/2025 08:28;-8.57266116;-48.69020596
55;013.AGEATJAT;Agência de Atendimento de Jaú do Tocantins;Secretaria da Fazenda;1;atualizar endereço;0;;CENTRO;JAU DO TOCANTINS;TO;77450000;63 - 1234-5678;atualizar_email@sefaz.to.gov.br;09/10/2025 08:28;09/10/2025 08:28;-12.65267632;-48.59176286
56;013.AGEATLAC;Agência de Atendimento de Lagoa da Confusão;Secretaria da Fazenda;1;atualizar endereço;0;;CENTRO;LAGOA DA CONFUSAO;TO;77493000;63 - 1234-5678;atualizar_email@sefaz.to.gov.br;09/10/2025 08:28;09/10/2025 08:28;-10.78792529;-49.62218119
57;013.AGEATLAT;Agência de Atendimento de Lagoa do Tocantins;Secretaria da Fazenda;1;atualizar endereço;0;;CENTRO;LAGOA DO TOCANTINS;TO;77613000;63 - 1234-5678;atualizar_email@sefaz.to.gov.br;09/10/2025 08:28;09/10/2025 08:28;-10.29671499;-47.56562129
58;013.AGEATLAG;Agência de Atendimento de Lajeado;Secretaria da Fazenda;1;atualizar endereço;0;;CENTRO;LAJEADO;TO;77645000;63 - 1234-5678;atualizar_email@sefaz.to.gov.br;09/10/2025 08:28;09/10/2025 08:28;-9.75461279;-48.35601906
59;013.AGEATMAE;Agência de Atendimento de Mateiros;Secretaria da Fazenda;1;atualizar endereço;0;;CENTRO;MATEIROS;TO;77593000;63 - 1234-5678;atualizar_email@sefaz.to.gov.br;09/10/2025 08:28;09/10/2025 08:28;-10.54664632;-46.41735090
60;013.AGEATMIT;Agência de Atendimento de Miracema do Tocantins;Secretaria da Fazenda;1;atualizar endereço;0;;CENTRO;MIRACEMA DO TOCANTINS;TO;77650000;63 - 1234-5678;atualizar_email@sefaz.to.gov.br;09/10/2025 08:28;09/10/2025 08:28;-9.55909616;-48.40757681
61;013.AGEATMIR;Agência de Atendimento de Miranorte;Secretaria da Fazenda;1;atualizar endereço;0;;CENTRO;MIRANORTE;TO;77660000;63 - 1234-5678;atualizar_email@sefaz.to.gov.br;09/10/2025 08:28;09/10/2025 08:28;-9.53612284;-48.59015601
62;013.AGEATMTC;Agência de Atendimento de Monte do Carmo;Secretaria da Fazenda;1;atualizar endereço;0;;CENTRO;MONTE DO CARMO;TO;77585000;63 - 1234-5678;atualizar_email@sefaz.to.gov.br;09/10/2025 08:28;09/10/2025 08:28;-10.76355265;-48.11011610
63;013.AGEATMOT;Agência de Atendimento de Monte Santo do Tocantins;Secretaria da Fazenda;1;atualizar endereço;0;;CENTRO;MONTE SANTO;TO;77673000;63 - 1234-5678;atualizar_email@sefaz.to.gov.br;09/10/2025 08:28;09/10/2025 08:28;-10.00618113;-48.99087738
64;013.AGEATMUR;Agência de Atendimento de Muricilãndia;Secretaria da Fazenda;1;atualizar endereço;0;;CENTRO;MURICILANDIA;TO;77850000;63 - 1234-5678;atualizar_email@sefaz.to.gov.br;09/10/2025 08:28;09/10/2025 08:28;-7.14477226;-48.60741611
65;013.AGEATNAT;Agência de Atendimento de Natividade;Secretaria da Fazenda;1;atualizar endereço;0;;CENTRO;NATIVIDADE;TO;77370000;63 - 1234-5678;atualizar_email@sefaz.to.gov.br;09/10/2025 08:28;09/10/2025 08:28;-11.70880027;-47.72700335
66;013.AGEATNAZ;Agência de Atendimento de Nazaré;Secretaria da Fazenda;1;atualizar endereço;0;;CENTRO;NAZARE;TO;77895000;63 - 1234-5678;atualizar_email@sefaz.to.gov.br;09/10/2025 08:28;09/10/2025 08:28;-6.37231080;-47.66051718
67;013.AGEATNOO;Agência de Atendimento de Nova Olinda;Secretaria da Fazenda;1;atualizar endereço;0;;CENTRO;NOVA OLINDA;TO;77790000;63 - 1234-5678;atualizar_email@sefaz.to.gov.br;09/10/2025 08:28;09/10/2025 08:28;-7.63679475;-48.42090492
68;013.AGEATNRO;Agência de Atendimento de Nova Rosalândia;Secretaria da Fazenda;1;atualizar endereço;0;;CENTRO;NOVA ROSALANDIA;TO;77495000;63 - 1234-5678;atualizar_email@sefaz.to.gov.br;09/10/2025 08:28;09/10/2025 08:28;-10.56716495;-48.91099774
69;013.AGEATNAC;Agência de Atendimento de Novo Acordo;Secretaria da Fazenda;1;atualizar endereço;0;;CENTRO;NOVO ACORDO;TO;77001566;63 - 1234-5678;atualizar_email@sefaz.to.gov.br;09/10/2025 08:28;09/10/2025 08:28;-9.96619499;-47.68042831
70;013.AGEATNAL;Agência de Atendimento de Novo Alegre;Secretaria da Fazenda;1;atualizar endereço;0;;CENTRO;NOVO ALEGRE;TO;77353000;63 - 1234-5678;atualizar_email@sefaz.to.gov.br;09/10/2025 08:28;09/10/2025 08:28;-12.91525868;-46.57648926
71;013.AGEATNJA;Agência de Atendimento de Novo Jardim;Secretaria da Fazenda;1;atualizar endereço;0;;CENTRO;DIANOPOLIS;TO;77300000;63 - 1234-5678;atualizar_email@sefaz.to.gov.br;09/10/2025 08:28;09/10/2025 08:28;-11.61999625;-46.82309188
72;013.AGEATPAL;Agência de Atendimento de Palmas;Secretaria da Fazenda;1;atualizar endereço;0;;CENTRO;PALMAS;TO;77001908;63 - 1234-5678;atualizar_email@sefaz.to.gov.br;09/10/2025 08:28;09/10/2025 08:28;-10.18257356;-48.33621810
73;013.AGEATPAT;Agência de Atendimento de Palmeiras do Tocantins;Secretaria da Fazenda;1;atualizar endereço;0;;CENTRO;AGUIARNOPOLIS;TO;77908000;63 - 1234-5678;atualizar_email@sefaz.to.gov.br;09/10/2025 08:28;09/10/2025 08:28;-6.55890546;-47.47688129
74;013.AGEATPME;Agência de Atendimento de Palmeirópolis;Secretaria da Fazenda;1;atualizar endereço;0;;CENTRO;PALMEIROPOLIS;TO;77365000;63 - 1234-5678;atualizar_email@sefaz.to.gov.br;09/10/2025 08:28;09/10/2025 08:28;-13.04230090;-48.41021533
75;013.AGEATPTO;Agência de Atendimento de Paraiso do Tocantins;Secretaria da Fazenda;1;atualizar endereço;0;;CENTRO;PARAISO DO TOCANTINS;TO;77600000;63 - 1234-5678;atualizar_email@sefaz.to.gov.br;09/10/2025 08:28;09/10/2025 08:28;-10.17021889;-48.88231481
76;013.AGEATPAR;Agência de Atendimento de Paranã;Secretaria da Fazenda;1;atualizar endereço;0;;CENTRO;PARANA;TO;77360000;63 - 1234-5678;atualizar_email@sefaz.to.gov.br;09/10/2025 08:28;09/10/2025 08:28;-12.61686606;-47.87508760
77;013.AGEATPDR;Agência de Atendimento de Pau D´arco;Secretaria da Fazenda;1;atualizar endereço;0;;CENTRO;PAU DARCO;TO;77785000;63 - 1234-5678;atualizar_email@sefaz.to.gov.br;09/10/2025 08:28;09/10/2025 08:28;-7.54223650;-49.36723715
78;013.AGEATPEF;Agência de Atendimento de Pedro Afonso;Secretaria da Fazenda;1;atualizar endereço;0;;CENTRO;GUARAI;TO;77700000;63 - 1234-5678;atualizar_email@sefaz.to.gov.br;09/10/2025 08:28;09/10/2025 08:28;-8.83809054;-48.51318267
79;013.AGEATPEI;Agência de Atendimento de Peixe;Secretaria da Fazenda;1;atualizar endereço;0;;CENTRO;PEIXE;TO;77460000;63 - 1234-5678;atualizar_email@sefaz.to.gov.br;09/10/2025 08:28;09/10/2025 08:28;-12.03782560;-48.54199551
80;013.AGEATPEQ;Agência de Atendimento de Pequizeiro;Secretaria da Fazenda;1;atualizar endereço;0;;CENTRO;PEQUIZEIRO;TO;77730000;63 - 1234-5678;atualizar_email@sefaz.to.gov.br;09/10/2025 08:28;09/10/2025 08:28;-8.59390611;-48.93540697
81;013.AGEATPIN;Agência de Atendimento de Pindorama do Tocantins;Secretaria da Fazenda;1;atualizar endereço;0;;CENTRO;PINDORAMA DO TOCANTINS;TO;77380000;63 - 1234-5678;atualizar_email@sefaz.to.gov.br;09/10/2025 08:28;09/10/2025 08:28;-11.13647682;-47.57978727
82;013.AGEATPJB;Agência de Atendimento de Ponte Alta do Bom Jesus;Secretaria da Fazenda;1;atualizar endereço;0;;CENTRO;PONTE ALTA DO BOM JESUS;TO;77315000;63 - 1234-5678;atualizar_email@sefaz.to.gov.br;09/10/2025 08:28;09/10/2025 08:28;-12.08861513;-46.47779588
83;013.AGEATPOT;Agência de Atendimento de Ponte Alta do Tocantins;Secretaria da Fazenda;1;atualizar endereço;0;;CENTRO;PONTE ALTA DO TOCANTINS;TO;77590000;63 - 1234-5678;atualizar_email@sefaz.to.gov.br;09/10/2025 08:28;09/10/2025 08:28;-10.74379304;-47.53909132
84;013.AGEATPNA;Agência de Atendimento de Porto Nacional;Secretaria da Fazenda;1;atualizar endereço;0;;CENTRO;PORTO NACIONAL;TO;77500-000;63 - 1234-5678;atualizar_email@sefaz.to.gov.br;09/10/2025 08:28;09/10/2025 08:28;-10.70986760;-48.40929633
85;013.AGEATPRK;Agência de Atendimento de Presidente Kennedy;Secretaria da Fazenda;1;atualizar endereço;0;;CENTRO;PRESIDENTE KENNEDY;TO;77745000;63 - 1234-5678;atualizar_email@sefaz.to.gov.br;09/10/2025 08:28;09/10/2025 08:28;-8.53044082;-48.50597830
86;013.AGEATPUG;Agência de Atendimento de Pugmil;Secretaria da Fazenda;1;atualizar endereço;0;;CENTRO;PUGMIL;TO;77603000;63 - 1234-5678;atualizar_email@sefaz.to.gov.br;09/10/2025 08:28;09/10/2025 08:28;-10.42480168;-48.90001517
87;013.AGEATRIC;Agência de Atendimento de Riachinho;Secretaria da Fazenda;1;atualizar endereço;0;;CENTRO;RIACHINHO;TO;77893000;63 - 1234-5678;atualizar_email@sefaz.to.gov.br;09/10/2025 08:28;09/10/2025 08:28;-6.44324412;-48.13794940
88;013.AGEATRBO;Agência de Atendimento de Rio dos Bois;Secretaria da Fazenda;1;atualizar endereço;0;;CENTRO;RIO DOS BOIS;TO;77655000;63 - 1234-5678;atualizar_email@sefaz.to.gov.br;09/10/2025 08:28;09/10/2025 08:28;-9.34391232;-48.53537118
89;013.AGEATRSO;Agência de Atendimento de Rio Sono;Secretaria da Fazenda;1;atualizar endereço;0;;CENTRO;RIO SONO;TO;77635000;63 - 1234-5678;atualizar_email@sefaz.to.gov.br;09/10/2025 08:28;09/10/2025 08:28;-9.34648625;-47.89577062
90;013.AGEATSAN;Agência de Atendimento de Sandolândia;Secretaria da Fazenda;1;atualizar endereço;0;;CENTRO;SANDOLANDIA;TO;77478000;63 - 1234-5678;atualizar_email@sefaz.to.gov.br;09/10/2025 08:28;09/10/2025 08:28;-12.54003509;-49.92708504
91;013.AGEATSFE;Agência de Atendimento de Santa Fé do Araguaia;Secretaria da Fazenda;1;atualizar endereço;0;;CENTRO;SANTA FE;TO;77848000;63 - 1234-5678;atualizar_email@sefaz.to.gov.br;09/10/2025 08:28;09/10/2025 08:28;-7.15015862;-48.69158381
92;013.AGEATSMA;Agência de Atendimento de Santa Maria do Tocantins;Secretaria da Fazenda;1;atualizar endereço;0;;CENTRO;SANTA MARIA DO TOCANTINS;TO;77716000;63 - 1234-5678;atualizar_email@sefaz.to.gov.br;09/10/2025 08:28;09/10/2025 08:28;-8.77554418;-47.74675928
93;013.AGEATSRI;Agência de Atendimento de Santa Rita do Tocantins;Secretaria da Fazenda;1;atualizar endereço;0;;CENTRO;SANTA RITA DO TOCANTINS;TO;77565000;63 - 1234-5678;atualizar_email@sefaz.to.gov.br;09/10/2025 08:28;09/10/2025 08:28;-10.86434874;-48.90788632
94;013.AGEATSRO;Agência de Atendimento de Santa Rosa do Tocantins;Secretaria da Fazenda;1;atualizar endereço;0;;CENTRO;SANTA ROSA DO TOCANTINS;TO;77375000;63 - 1234-5678;atualizar_email@sefaz.to.gov.br;09/10/2025 08:28;09/10/2025 08:28;-11.44783843;-48.11676945
95;013.AGEATSBT;Agência de Atendimento de São Bento do Tocantins;Secretaria da Fazenda;1;atualizar endereço;0;;CENTRO;SAO BENTO DO TOCANTINS;TO;77958000;63 - 1234-5678;atualizar_email@sefaz.to.gov.br;09/10/2025 08:28;09/10/2025 08:28;-6.02875052;-47.92419609
96;013.AGEATSMT;Agência de Atendimento de São Miguel do Tocantins;Secretaria da Fazenda;1;atualizar endereço;0;;CENTRO;SAO MIGUEL;TO;77925-000;63 - 1234-5678;atualizar_email@sefaz.to.gov.br;09/10/2025 08:28;09/10/2025 08:28;-5.55187425;-47.57782232
97;013.AGEATSIL;Agência de Atendimento de Silvanópolis;Secretaria da Fazenda;1;atualizar endereço;0;;CENTRO;SILVANOPOLIS;TO;77580000;63 - 1234-5678;atualizar_email@sefaz.to.gov.br;09/10/2025 08:28;09/10/2025 08:28;-11.14963657;-48.17373238
98;013.AGEATSNT;Agência de Atendimento de Sitio Novo do Tocantins;Secretaria da Fazenda;1;atualizar endereço;0;;CENTRO;SITIO NOVO;TO;77940000;63 - 1234-5678;atualizar_email@sefaz.to.gov.br;09/10/2025 08:28;09/10/2025 08:28;-5.60128180;-47.63498621
99;013.AGEATTAB;Agência de Atendimento de Tabocão;Secretaria da Fazenda;1;atualizar endereço;0;;CENTRO;FORTALEZA DO TABOCAO;TO;77708000;63 - 1234-5678;atualizar_email@sefaz.to.gov.br;09/10/2025 08:28;09/10/2025 08:28;-9.05745883;-48.52028542
100;013.AGEATTAG;Agência de Atendimento de Taguatinga;Secretaria da Fazenda;1;atualizar endereço;0;;CENTRO;TAGUATINGA;TO;77320000;63 - 1234-5678;atualizar_email@sefaz.to.gov.br;09/10/2025 08:28;09/10/2025 08:28;-12.40913505;-46.43140623
101;013.AGEATTAL;Agência de Atendimento de Talismã;Secretaria da Fazenda;1;atualizar endereço;0;;CENTRO;TALISMA;TO;77483000;63 - 1234-5678;atualizar_email@sefaz.to.gov.br;09/10/2025 08:28;09/10/2025 08:28;-12.79811766;-49.09249063
102;013.AGEATTAQ;Agência de Atendimento de Taquaralto;Secretaria da Fazenda;1;atualizar endereço;0;;CENTRO;PALMAS;TO;77001908;63 - 1234-5678;atualizar_email@sefaz.to.gov.br;09/10/2025 08:28;09/10/2025 08:28;-10.18257356;-48.33621810
103;013.AGEATTCN;Agência de Atendimento de Tocantínia;Secretaria da Fazenda;1;atualizar endereço;0;;CENTRO;TOCANTINIA;TO;77640000;63 - 1234-5678;atualizar_email@sefaz.to.gov.br;09/10/2025 08:28;09/10/2025 08:28;-9.56445153;-48.37481096
104;013.AGEATTOC;Agência de Atendimento de Tocantinópolis;Secretaria da Fazenda;1;atualizar endereço;0;;CENTRO;TOCANTINOPOLIS;TO;77900000;63 - 1234-5678;atualizar_email@sefaz.to.gov.br;09/10/2025 08:28;09/10/2025 08:28;-6.32894794;-47.42165918
105;013.AGEATTUP;Agência de Atendimento de Tupirama;Secretaria da Fazenda;1;atualizar endereço;0;;CENTRO;TUPIRAMA;TO;77704000;63 - 1234-5678;atualizar_email@sefaz.to.gov.br;09/10/2025 08:28;09/10/2025 08:28;-8.97564303;-48.19079467
106;013.AGEATWND;Agência de Atendimento de Wanderlândia;Secretaria da Fazenda;1;atualizar endereço;0;;CENTRO;WANDERLANDIA;TO;77860000;63 - 1234-5678;atualizar_email@sefaz.to.gov.br;09/10/2025 08:28;09/10/2025 08:28;-6.84948572;-47.96470850
107;013.AGEATXMB;Agência de Atendimento de Xambioá;Secretaria da Fazenda;1;atualizar endereço;0;;CENTRO;XAMBIOA;TO;77880000;63 - 1234-5678;atualizar_email@sefaz.to.gov.br;09/10/2025 08:28;09/10/2025 08:28;-6.41120672;-48.53398846
108;013.AGEATMRT;Agência de Atendimento Marianópolis do Tocantins;Secretaria da Fazenda;1;atualizar endereço;0;;CENTRO;MARIANOPOLIS DO TOCANTINS;TO;77675000;63 - 1234-5678;atualizar_email@sefaz.to.gov.br;09/10/2025 08:28;09/10/2025 08:28;-9.79543649;-49.65511813
109;013.AGEATSTT;Agência de Atendimento Santa Tereza do Tocantins;Secretaria da Fazenda;1;atualizar endereço;0;;CENTRO;SANTA TEREZA DO TOCANTINS;TO;77615000;63 - 1234-5678;atualizar_email@sefaz.to.gov.br;09/10/2025 08:28;09/10/2025 08:28;-10.27890999;-47.81177066
110;013.AGEATSAV;Agência de Atendimento São Valério da Natividade;Secretaria da Fazenda;1;atualizar endereço;0;;CENTRO;SAO VALERIO;TO;77390000;63 - 1234-5678;atualizar_email@sefaz.to.gov.br;09/10/2025 08:28;09/10/2025 08:28;-11.97007434;-48.23490028
111;013.AGECON;Agente de Contratação;Secretaria da Fazenda;1;atualizar endereço;0;;CENTRO;PALMAS;TO;77001908;63 - 1234-5678;atualizar_email@sefaz.to.gov.br;09/10/2025 08:28;09/10/2025 08:28;-10.18257356;-48.33621810
112;013.ASAP;Assessoria de Análises e Pesquisas;Secretaria da Fazenda;1;atualizar endereço;0;;CENTRO;PALMAS;TO;77001908;63 - 1234-5678;atualizar_email@sefaz.to.gov.br;09/10/2025 08:28;09/10/2025 08:28;-10.18257356;-48.33621810
113;013.ASGAB;Assessoria de Gabinete II - Gab do Secretário;Secretaria da Fazenda;1;atualizar endereço;0;;CENTRO;PALMAS;TO;77001908;63 - 1234-5678;atualizar_email@sefaz.to.gov.br;09/10/2025 08:28;09/10/2025 08:28;-10.18257356;-48.33621810
114;013.ASGAB III;Assessoria de Gabinete III - Gab do Sec Ex Tesouro;Secretaria da Fazenda;1;atualizar endereço;0;;CENTRO;PALMAS;TO;77001908;63 - 1234-5678;atualizar_email@sefaz.to.gov.br;09/10/2025 08:28;09/10/2025 08:28;-10.18257356;-48.33621810
115;013.ASGEST;Assessoria de Gestão Estratégica (PROFISCO);Secretaria da Fazenda;1;atualizar endereço;0;;CENTRO;PALMAS;TO;77001908;63 - 1234-5678;atualizar_email@sefaz.to.gov.br;09/10/2025 08:28;09/10/2025 08:28;-10.18257356;-48.33621810
116;013.ASIP;Assessoria de Integração e Pesquisa;Secretaria da Fazenda;1;atualizar endereço;0;;CENTRO;PALMAS;TO;77001908;63 - 1234-5678;atualizar_email@sefaz.to.gov.br;09/10/2025 08:28;09/10/2025 08:28;-10.18257356;-48.33621810
117;013.ASLAF;Assessoria de Laboratório Forense;Secretaria da Fazenda;1;atualizar endereço;0;;CENTRO;PALMAS;TO;77001908;63 - 1234-5678;atualizar_email@sefaz.to.gov.br;09/10/2025 08:28;09/10/2025 08:28;-10.18257356;-48.33621810
118;013.ASPLA;Assessoria de Planejamento;Secretaria da Fazenda;1;atualizar endereço;0;;CENTRO;PALMAS;TO;77001908;63 - 1234-5678;atualizar_email@sefaz.to.gov.br;09/10/2025 08:28;09/10/2025 08:28;-10.18257356;-48.33621810
119;013.ASPOT;Assessoria de Política Tributária;Secretaria da Fazenda;1;atualizar endereço;0;;CENTRO;PALMAS;TO;77001908;63 - 1234-5678;atualizar_email@sefaz.to.gov.br;09/10/2025 08:28;09/10/2025 08:28;-10.18257356;-48.33621810
120;013.ASMED;Assessoria de Social Media e Design;Secretaria da Fazenda;1;atualizar endereço;0;;CENTRO;PALMAS;TO;77001908;63 - 1234-5678;atualizar_email@sefaz.to.gov.br;09/10/2025 08:28;09/10/2025 08:28;-10.18257356;-48.33621810
121;013.ASCOM;Assessoria Econômica;Secretaria da Fazenda;1;atualizar endereço;0;;CENTRO;PALMAS;TO;77001908;63 - 1234-5678;atualizar_email@sefaz.to.gov.br;09/10/2025 08:28;09/10/2025 08:28;-10.18257356;-48.33621810
122;013.ASJUR;Assessoria Jurídica;Secretaria da Fazenda;1;atualizar endereço;0;;CENTRO;PALMAS;TO;77001908;63 - 1234-5678;atualizar_email@sefaz.to.gov.br;09/10/2025 08:28;09/10/2025 08:28;-10.18257356;-48.33621810
123;013.CEFIS;Central de Execuções Fiscais;Secretaria da Fazenda;1;atualizar endereço;0;;CENTRO;PALMAS;TO;77001908;63 - 1234-5678;atualizar_email@sefaz.to.gov.br;09/10/2025 08:28;09/10/2025 08:28;-10.18257356;-48.33621810
124;013.CEFIS2;Central de Execuções Fiscais - Gurupi;Secretaria da Fazenda;1;atualizar endereço;0;;CENTRO;GURUPI;TO;77440490;63 - 1234-5678;atualizar_email@sefaz.to.gov.br;09/10/2025 08:28;09/10/2025 08:28;-11.71996380;-49.07489369
125;013.CHASCOM;Chefia da Assessoria de Comunicação;Secretaria da Fazenda;1;atualizar endereço;0;;CENTRO;PALMAS;TO;77001908;63 - 1234-5678;atualizar_email@sefaz.to.gov.br;09/10/2025 08:28;09/10/2025 08:28;-10.18257356;-48.33621810
126;013.CATF;Chefia da Assessoria Técnica Fazendária;Secretaria da Fazenda;1;atualizar endereço;0;;CENTRO;PALMAS;TO;77001908;63 - 1234-5678;atualizar_email@sefaz.to.gov.br;09/10/2025 08:28;09/10/2025 08:28;-10.18257356;-48.33621810
127;013.CHECOM;Chefia de Assessoria de Comunicação;Secretaria da Fazenda;1;atualizar endereço;0;;CENTRO;PALMAS;TO;77001908;63 - 1234-5678;atualizar_email@sefaz.to.gov.br;09/10/2025 08:28;09/10/2025 08:28;-10.18257356;-48.33621810
128;013.CAGEF;Chefia de Assessoria de Gestão dos Fundos;Secretaria da Fazenda;1;atualizar endereço;0;;CENTRO;PALMAS;TO;77001908;63 - 1234-5678;atualizar_email@sefaz.to.gov.br;09/10/2025 08:28;09/10/2025 08:28;-10.18257356;-48.33621810
129;013.CRADALV;Coordenadoria Regional de Administração - Alvorada;Secretaria da Fazenda;1;atualizar endereço;0;;CENTRO;ALVORADA;TO;77480000;63 - 1234-5678;atualizar_email@sefaz.to.gov.br;09/10/2025 08:28;09/10/2025 08:28;-12.49298486;-49.13165217
130;013.CRADARA;Coordenadoria Regional de Administração - Araguaína;Secretaria da Fazenda;1;atualizar endereço;0;;CENTRO;ARAGUAINA;TO;77804180;63 - 1234-5678;atualizar_email@sefaz.to.gov.br;09/10/2025 08:28;09/10/2025 08:28;-7.18790788;-48.21020785
131;013.CRADAGI;Coordenadoria Regional de Administração - Araguatins;Secretaria da Fazenda;1;atualizar endereço;0;;CENTRO;ARAGUATINS;TO;77950000;63 - 1234-5678;atualizar_email@sefaz.to.gov.br;09/10/2025 08:28;09/10/2025 08:28;-5.64611309;-48.11789532
132;013.CRADCOL;Coordenadoria Regional de Administração - Colinas;Secretaria da Fazenda;1;atualizar endereço;0;;CENTRO;COLINAS DO TOCANTINS;TO;77760000;63 - 1234-5678;atualizar_email@sefaz.to.gov.br;09/10/2025 08:28;09/10/2025 08:28;-8.05561687;-48.47679668
133;013.CRF;Coordenadoria Regional de Administração - Gurupi;Secretaria da Fazenda;1;atualizar endereço;0;;CENTRO;GURUPI;TO;77405160;63 - 1234-5678;atualizar_email@sefaz.to.gov.br;09/10/2025 08:28;09/10/2025 08:28;-11.71996380;-49.07489369
134;013.CRAMIRAC;Coordenadoria Regional de Administração - Miracema;Secretaria da Fazenda;1;atualizar endereço;0;;CENTRO;MIRACEMA DO TOCANTINS;TO;77650000;63 - 1234-5678;atualizar_email@sefaz.to.gov.br;09/10/2025 08:28;09/10/2025 08:28;-9.55909616;-48.40757681
135;013.CRADPAL;Coordenadoria Regional de Administração - Palmas;Secretaria da Fazenda;1;atualizar endereço;0;;CENTRO;PALMAS;TO;77001908;63 - 1234-5678;atualizar_email@sefaz.to.gov.br;09/10/2025 08:28;09/10/2025 08:28;-10.18257356;-48.33621810
136;013.CRADPTO;Coordenadoria Regional de Administração - Paraiso;Secretaria da Fazenda;1;atualizar endereço;0;;CENTRO;PARAISO DO TOCANTINS;TO;77600000;63 - 1234-5678;atualizar_email@sefaz.to.gov.br;09/10/2025 08:28;09/10/2025 08:28;-10.17021889;-48.88231481
137;013.CRAPEDRA;Coordenadoria Regional de Administração - Pedro Afonso;Secretaria da Fazenda;1;atualizar endereço;0;;CENTRO;PEDRO AFONSO;TO;77712000;63 - 1234-5678;atualizar_email@sefaz.to.gov.br;09/10/2025 08:28;09/10/2025 08:28;-8.97251189;-48.17708802
138;013.CRADPNA;Coordenadoria Regional de Administração - Porto Nacional;Secretaria da Fazenda;1;atualizar endereço;0;;CENTRO;PORTO NACIONAL;TO;77500-000;63 - 1234-5678;atualizar_email@sefaz.to.gov.br;09/10/2025 08:28;09/10/2025 08:28;-10.70986760;-48.40929633
139;013.CRADTAG;Coordenadoria Regional de Administração - Taguatinga;Secretaria da Fazenda;1;atualizar endereço;0;;CENTRO;TAGUATINGA;TO;77320000;63 - 1234-5678;atualizar_email@sefaz.to.gov.br;09/10/2025 08:28;09/10/2025 08:28;-12.40913505;-46.43140623
140;013.CRADTOC;Coordenadoria Regional de Administração - Tocantinópolis;Secretaria da Fazenda;1;atualizar endereço;0;;CENTRO;TOCANTINOPOLIS;TO;77900000;63 - 1234-5678;atualizar_email@sefaz.to.gov.br;09/10/2025 08:28;09/10/2025 08:28;-6.32894794;-47.42165918
141;013.CRAALV;Coordenadoria Regional de Arrecadação - Alvorada;Secretaria da Fazenda;1;atualizar endereço;0;;CENTRO;ALVORADA;TO;77480000;63 - 1234-5678;atualizar_email@sefaz.to.gov.br;09/10/2025 08:28;09/10/2025 08:28;-12.49298486;-49.13165217
142;013.CRAARA;Coordenadoria Regional de Arrecadação - Araguaína;Secretaria da Fazenda;1;atualizar endereço;0;;CENTRO;ARAGUAINA;TO;77804180;63 - 1234-5678;atualizar_email@sefaz.to.gov.br;09/10/2025 08:28;09/10/2025 08:28;-7.18790788;-48.21020785
143;013.CRAAGUAT;Coordenadoria Regional de Arrecadação - Araguatins;Secretaria da Fazenda;1;atualizar endereço;0;;CENTRO;ARAGUATINS;TO;77950000;63 - 1234-5678;atualizar_email@sefaz.to.gov.br;09/10/2025 08:28;09/10/2025 08:28;-5.64611309;-48.11789532
144;013.CRACOL;Coordenadoria Regional de Arrecadação - Colinas;Secretaria da Fazenda;1;atualizar endereço;0;;CENTRO;COLINAS DO TOCANTINS;TO;77760000;63 - 1234-5678;atualizar_email@sefaz.to.gov.br;09/10/2025 08:28;09/10/2025 08:28;-8.05561687;-48.47679668
145;013.CRAGUR;Coordenadoria Regional de Arrecadação - Gurupi;Secretaria da Fazenda;1;atualizar endereço;0;;CENTRO;GURUPI;TO;77400000;63 - 1234-5678;atualizar_email@sefaz.to.gov.br;09/10/2025 08:28;09/10/2025 08:28;-11.71996380;-49.07489369
146;013.CRAMIT;Coordenadoria Regional de Arrecadação - Miracema;Secretaria da Fazenda;1;atualizar endereço;0;;CENTRO;MIRACEMA DO TOCANTINS;TO;77650000;63 - 1234-5678;atualizar_email@sefaz.to.gov.br;09/10/2025 08:28;09/10/2025 08:28;-9.55909616;-48.40757681
147;013.CRAPAL;Coordenadoria Regional de Arrecadação - Palmas;Secretaria da Fazenda;1;atualizar endereço;0;;CENTRO;PALMAS;TO;77001908;63 - 1234-5678;atualizar_email@sefaz.to.gov.br;09/10/2025 08:28;09/10/2025 08:28;-10.18257356;-48.33621810
148;013.CRAPTO;Coordenadoria Regional de Arrecadação - Paraiso;Secretaria da Fazenda;1;atualizar endereço;0;;CENTRO;PARAISO DO TOCANTINS;TO;77600000;63 - 1234-5678;atualizar_email@sefaz.to.gov.br;09/10/2025 08:28;09/10/2025 08:28;-10.17021889;-48.88231481
149;013.CRAPEAF;Coordenadoria Regional de Arrecadação - Pedro Afonso;Secretaria da Fazenda;1;atualizar endereço;0;;CENTRO;PEDRO AFONSO;TO;77712000;63 - 1234-5678;atualizar_email@sefaz.to.gov.br;09/10/2025 08:28;09/10/2025 08:28;-8.97251189;-48.17708802
150;013.CRAPON;Coordenadoria Regional de Arrecadação - Porto Nacional;Secretaria da Fazenda;1;atualizar endereço;0;;CENTRO;PORTO NACIONAL;TO;77500-000;63 - 1234-5678;atualizar_email@sefaz.to.gov.br;09/10/2025 08:28;09/10/2025 08:28;-10.70986760;-48.40929633
151;013.CRATAG;Coordenadoria Regional de Arrecadação - Taguatinga;Secretaria da Fazenda;1;atualizar endereço;0;;CENTRO;TAGUATINGA;TO;77320000;63 - 1234-5678;atualizar_email@sefaz.to.gov.br;09/10/2025 08:28;09/10/2025 08:28;-12.40913505;-46.43140623
152;013.CRATOC;Coordenadoria Regional de Arrecadação - Tocantinópolis;Secretaria da Fazenda;1;atualizar endereço;0;;CENTRO;TOCANTINOPOLIS;TO;77900000;63 - 1234-5678;atualizar_email@sefaz.to.gov.br;09/10/2025 08:28;09/10/2025 08:28;-6.32894794;-47.42165918
153;013.CRFALV;Coordenadoria Regional de Fiscalização - Alvorada;Secretaria da Fazenda;1;atualizar endereço;0;;CENTRO;ALVORADA;TO;77480000;63 - 1234-5678;atualizar_email@sefaz.to.gov.br;09/10/2025 08:28;09/10/2025 08:28;-12.49298486;-49.13165217
154;013.CRFARA;Coordenadoria Regional de Fiscalização - Araguaína;Secretaria da Fazenda;1;atualizar endereço;0;;CENTRO;ARAGUAINA;TO;77804180;63 - 1234-5678;atualizar_email@sefaz.to.gov.br;09/10/2025 08:28;09/10/2025 08:28;-7.18790788;-48.21020785
155;013.CRFAGI;Coordenadoria Regional de Fiscalização - Araguatins;Secretaria da Fazenda;1;atualizar endereço;0;;CENTRO;ARAGUATINS;TO;77950000;63 - 1234-5678;atualizar_email@sefaz.to.gov.br;09/10/2025 08:28;09/10/2025 08:28;-5.64611309;-48.11789532
156;013.CRFCOL;Coordenadoria Regional de Fiscalização - Colinas;Secretaria da Fazenda;1;atualizar endereço;0;;CENTRO;COLINAS DO TOCANTINS;TO;77760000;63 - 1234-5678;atualizar_email@sefaz.to.gov.br;09/10/2025 08:28;09/10/2025 08:28;-8.05561687;-48.47679668
157;013.CRFGUR;Coordenadoria Regional de Fiscalização - Gurupi;Secretaria da Fazenda;1;atualizar endereço;0;;CENTRO;GURUPI;TO;77410-010;63 - 1234-5678;atualizar_email@sefaz.to.gov.br;09/10/2025 08:28;09/10/2025 08:28;-11.71996380;-49.07489369
158;013.CRFMIT;Coordenadoria Regional de Fiscalização - Miracema;Secretaria da Fazenda;1;atualizar endereço;0;;CENTRO;MIRACEMA DO TOCANTINS;TO;77650000;63 - 1234-5678;atualizar_email@sefaz.to.gov.br;09/10/2025 08:28;09/10/2025 08:28;-9.55909616;-48.40757681
159;013.CRFPAL;Coordenadoria Regional de Fiscalização - Palmas;Secretaria da Fazenda;1;atualizar endereço;0;;CENTRO;PALMAS;TO;77001908;63 - 1234-5678;atualizar_email@sefaz.to.gov.br;09/10/2025 08:28;09/10/2025 08:28;-10.18257356;-48.33621810
160;013.CRFPTO;Coordenadoria Regional de Fiscalização - Paraiso;Secretaria da Fazenda;1;atualizar endereço;0;;CENTRO;PEDRO AFONSO;TO;77712000;63 - 1234-5678;atualizar_email@sefaz.to.gov.br;09/10/2025 08:28;09/10/2025 08:28;-8.97251189;-48.17708802
161;013.CRFPEF;Coordenadoria Regional de Fiscalização - Pedro Afonso;Secretaria da Fazenda;1;atualizar endereço;0;;CENTRO;PALMAS;TO;77001908;63 - 1234-5678;atualizar_email@sefaz.to.gov.br;09/10/2025 08:28;09/10/2025 08:28;-10.18257356;-48.33621810
162;013.CRFPNA;Coordenadoria Regional de Fiscalização - Porto Nacional;Secretaria da Fazenda;1;atualizar endereço;0;;CENTRO;PORTO NACIONAL;TO;77500-000;63 - 1234-5678;atualizar_email@sefaz.to.gov.br;09/10/2025 08:28;09/10/2025 08:28;-10.70986760;-48.40929633
163;013.CRFTAG;Coordenadoria Regional de Fiscalização - Taguatinga;Secretaria da Fazenda;1;atualizar endereço;0;;CENTRO;TAGUATINGA;TO;77320000;63 - 1234-5678;atualizar_email@sefaz.to.gov.br;09/10/2025 08:28;09/10/2025 08:28;-12.40913505;-46.43140623
164;013.CRFTOC;Coordenadoria Regional de Fiscalização - Tocantinópolis;Secretaria da Fazenda;1;atualizar endereço;0;;CENTRO;TOCANTINOPOLIS;TO;77900000;63 - 1234-5678;atualizar_email@sefaz.to.gov.br;09/10/2025 08:28;09/10/2025 08:28;-6.32894794;-47.42165918
165;013.COFAZ;Corregedoria Fazendária;Secretaria da Fazenda;1;atualizar endereço;0;;CENTRO;PALMAS;TO;77001908;63 - 1234-5678;atualizar_email@sefaz.to.gov.br;09/10/2025 08:28;09/10/2025 08:28;-10.18257356;-48.33621810
166;013.DRREAT;Delegacia Regional de Fiscalização - Alvorada;Secretaria da Fazenda;1;Rua 15 de novembro, s/n;S/N;;CENTRO;ALVORADA;TO;77480000;63 - 3027-3042;drfalvorada@sefaz.to.gov.br;09/10/2025 08:28;09/10/2025 08:28;-12.49298486;-49.13165217
167;013.DRFARA;Delegacia Regional de Fiscalização - Araguaína;Secretaria da Fazenda;1;Rua 7 de Setembro, s/n;S/N;;CENTRO;ARAGUAINA;TO;77795000;63 -3027-3420;drfaraguaina@sefaz.to.gov.br;09/10/2025 08:28;09/10/2025 08:28;-7.18790788;-48.21020785
168;013.DRFAGI;Delegacia Regional de Fiscalização - Araguatins;Secretaria da Fazenda;1;Rua Floriano Peixoto;558;;CENTRO;ARAGUATINS;TO;77950000;63 - 3027-3231;drfaraguatins@sefaz.to.gov.br;09/10/2025 08:28;09/10/2025 08:28;-5.64611309;-48.11789532
169;013.DRRECT;Delegacia Regional de Fiscalização - Colinas do Tocantins;Secretaria da Fazenda;1;Rua Raimundo Pereira dos Santos;1723;;CENTRO;COLINAS DO TOCANTINS;TO;77760000;63 - 3027-3483;drfcolinas@sefaz.to.gov.br;09/10/2025 08:28;09/10/2025 08:28;-8.05561687;-48.47679668
170;013.DRREG;Delegacia Regional de Fiscalização - Gurupi;Secretaria da Fazenda;1;Av. Espírito Santo com Rua 6,;1194;;CENTRO;GURUPI;TO;77403100;63 - 3027-3200;drfgurupi@sefaz.to.gov.br;09/10/2025 08:28;09/10/2025 08:28;-11.71996380;-49.07489369
171;013.DRFMIT;Delegacia Regional de Fiscalização - Miracema;Secretaria da Fazenda;1;Rua Hosana Cavalcante;155;;SANTA FILOMENA;MIRACEMA DO TOCANTINS;TO;77650000;63 - 3027-3302;drfmiracema@sefaz.to.gov.br;09/10/2025 08:28;09/10/2025 08:28;-9.55909616;-48.40757681
172;013.DRFPAL;Delegacia Regional de Fiscalização - Palmas;Secretaria da Fazenda;1;QUADRA 103 SUL (ACSO 11) - RUA SO 07 - LOTE 03;S/N;;PLANO DIRETOR SUL;PALMAS;TO;77015030;63 - 3027-3083 ;drfpalmas@sefaz.to.gov.br;09/10/2025 08:28;09/10/2025 08:28;-10.18257356;-48.33621810
173;013.DRFPTO;Delegacia Regional de Fiscalização - Paraiso;Secretaria da Fazenda;1;Rua Bernadino Maciel;172;;INTERLAGOS;PARAISO DO TOCANTINS;TO;77600000;63 - 3027-3137;drfparaiso@sefaz.to.gov.br;09/10/2025 08:28;09/10/2025 08:28;-10.17021889;-48.88231481
174;013.DRREPA;Delegacia Regional de Fiscalização - Pedro Afonso;Secretaria da Fazenda;1;Rua 26 de Julho;160;;CENTRO;PEDRO AFONSO;TO;77710000;63 - 3027-3328;drfpedroafonso@sefaz.to.gov.br;09/10/2025 08:28;09/10/2025 08:28;-8.97251189;-48.17708802
175;013.DRFPNA;Delegacia Regional de Fiscalização - Porto Nacional;Secretaria da Fazenda;1;Av. Luiz Leite Ribeiro;1457;;AEROPORTO;PORTO NACIONAL;TO;77500-000;63 - 3363-1799;drfportonacional@sefaz.to.gov.br;09/10/2025 08:28;09/10/2025 08:28;-10.70986760;-48.40929633
176;013.DRRET;Delegacia Regional de Fiscalização - Taguatinga;Secretaria da Fazenda;1;Av. Principal;S/N;;INDUSTRIAL;TAGUATINGA;TO;77320000;63 - 3027-3001;drftaguatinga@sefaz.to.gov.br;09/10/2025 08:28;09/10/2025 08:28;-12.40913505;-46.43140623
177;013.DRRET2;Delegacia Regional de Fiscalização - Tocantinopolis;Secretaria da Fazenda;1;Rua 15 de novembro;695;;CENTRO;ARAGUAINA;TO;77900000;63 - 3027-3268;drftocantinopolis@sefaz.to.gov.br;09/10/2025 08:28;09/10/2025 08:28;-7.18790788;-48.21020785
178;013.DICREFIS;Diretoria da Cobrança e Recup de Créditos Fiscais;Secretaria da Fazenda;1;atualizar endereço;0;;CENTRO;PALMAS;TO;77001908;63 - 1234-5678;atualizar_email@sefaz.to.gov.br;09/10/2025 08:28;09/10/2025 08:28;-10.18257356;-48.33621810
179;013.DIEFAZ;Diretoria da Escola Fazendária;Secretaria da Fazenda;1;atualizar endereço;0;;CENTRO;PALMAS;TO;77001908;63 - 1234-5678;atualizar_email@sefaz.to.gov.br;09/10/2025 08:28;09/10/2025 08:28;-10.18257356;-48.33621810
180;013.DIREC;Diretoria da Receita;Secretaria da Fazenda;1;atualizar endereço;0;;CENTRO;PALMAS;TO;77001908;63 - 1234-5678;atualizar_email@sefaz.to.gov.br;09/10/2025 08:28;09/10/2025 08:28;-10.18257356;-48.33621810
181;013.DIANP;Diretoria de Acomp, Normas e Procedimentos;Secretaria da Fazenda;1;atualizar endereço;0;;CENTRO;PALMAS;TO;77001908;63 - 1234-5678;atualizar_email@sefaz.to.gov.br;09/10/2025 08:28;09/10/2025 08:28;-10.18257356;-48.33621810
182;013.DAJUC;Diretoria de Acompanhamento Judicial-Criminal;Secretaria da Fazenda;1;atualizar endereço;0;;CENTRO;PALMAS;TO;77001908;63 - 1234-5678;atualizar_email@sefaz.to.gov.br;09/10/2025 08:28;09/10/2025 08:28;-10.18257356;-48.33621810
183;013.DAF;Diretoria de Administração e Finanças;Secretaria da Fazenda;1;atualizar endereço;0;;CENTRO;PALMAS;TO;77001908;63 - 1234-5678;atualizar_email@sefaz.to.gov.br;09/10/2025 08:28;09/10/2025 08:28;-10.18257356;-48.33621810
184;013.DAMIJU;Diretoria de Aval e Mitig de Impa de Dema Judicial;Secretaria da Fazenda;1;atualizar endereço;0;;CENTRO;PALMAS;TO;77001908;63 - 1234-5678;atualizar_email@sefaz.to.gov.br;09/10/2025 08:28;09/10/2025 08:28;-10.18257356;-48.33621810
185;013.DICOM;Diretoria de Compras;Secretaria da Fazenda;1;atualizar endereço;0;;CENTRO;PALMAS;TO;77001908;63 - 1234-5678;atualizar_email@sefaz.to.gov.br;09/10/2025 08:28;09/10/2025 08:28;-10.18257356;-48.33621810
186;013.DICONTS;Diretoria de Contabilidade Setorial;Secretaria da Fazenda;1;atualizar endereço;0;;CENTRO;PALMAS;TO;77001908;63 - 1234-5678;atualizar_email@sefaz.to.gov.br;09/10/2025 08:28;09/10/2025 08:28;-10.18257356;-48.33621810
187;013.DICUS;Diretoria de Custos;Secretaria da Fazenda;1;atualizar endereço;0;;CENTRO;PALMAS;TO;77001908;63 - 1234-5678;atualizar_email@sefaz.to.gov.br;09/10/2025 08:28;09/10/2025 08:28;-10.18257356;-48.33621810
188;013.DIDEC;Diretoria de Demonstrações Contábeis;Secretaria da Fazenda;1;atualizar endereço;0;;CENTRO;PALMAS;TO;77001908;63 - 1234-5678;atualizar_email@sefaz.to.gov.br;09/10/2025 08:28;09/10/2025 08:28;-10.18257356;-48.33621810
189;013.DIREXEFIN;Diretoria de Execução Financeira;Secretaria da Fazenda;1;atualizar endereço;0;;CENTRO;PALMAS;TO;77001908;63 - 1234-5678;atualizar_email@sefaz.to.gov.br;09/10/2025 08:28;09/10/2025 08:28;-10.18257356;-48.33621810
190;013.DIGEP;Diretoria de Gestão de Pessoas;Secretaria da Fazenda;1;atualizar endereço;0;;CENTRO;PALMAS;TO;77001908;63 - 1234-5678;atualizar_email@sefaz.to.gov.br;09/10/2025 08:28;09/10/2025 08:28;-10.18257356;-48.33621810
191;013.DIGECE;Diretoria de Gestão do Caixa Estadual;Secretaria da Fazenda;1;atualizar endereço;0;;CENTRO;PALMAS;TO;77001908;63 - 1234-5678;atualizar_email@sefaz.to.gov.br;09/10/2025 08:28;09/10/2025 08:28;-10.18257356;-48.33621810
192;013.DIGCON;Diretoria de Grandes Contribuintes;Secretaria da Fazenda;1;atualizar endereço;0;;CENTRO;PALMAS;TO;77001908;63 - 1234-5678;atualizar_email@sefaz.to.gov.br;09/10/2025 08:28;09/10/2025 08:28;-10.18257356;-48.33621810
193;013.DINFIS;Diretoria de Informações Econômicas e Fiscais;Secretaria da Fazenda;1;atualizar endereço;0;;CENTRO;PALMAS;TO;77001908;63 - 1234-5678;atualizar_email@sefaz.to.gov.br;09/10/2025 08:28;09/10/2025 08:28;-10.18257356;-48.33621810
194;013.DINFRA;Diretoria de Infraestrutura;Secretaria da Fazenda;1;atualizar endereço;0;;CENTRO;PALMAS;TO;77001908;63 - 1234-5678;atualizar_email@sefaz.to.gov.br;09/10/2025 08:28;09/10/2025 08:28;-10.18257356;-48.33621810
195;013.DIN;Diretoria de Inovação;Secretaria da Fazenda;1;atualizar endereço;0;;CENTRO;PALMAS;TO;77001908;63 - 1234-5678;atualizar_email@sefaz.to.gov.br;09/10/2025 08:28;09/10/2025 08:28;-10.18257356;-48.33621810
196;013.DIF;Diretoria de Inteligência Fiscal;Secretaria da Fazenda;1;atualizar endereço;0;;CENTRO;PALMAS;TO;77001908;63 - 1234-5678;atualizar_email@sefaz.to.gov.br;09/10/2025 08:28;09/10/2025 08:28;-10.18257356;-48.33621810
197;013.DILIC;Diretoria de Licitação;Secretaria da Fazenda;1;atualizar endereço;0;;CENTRO;PALMAS;TO;77001908;63 - 1234-5678;atualizar_email@sefaz.to.gov.br;09/10/2025 08:28;09/10/2025 08:28;-10.18257356;-48.33621810
198;013.DIRESF;Diretoria de Responsabilidade Fiscal;Secretaria da Fazenda;1;atualizar endereço;0;;CENTRO;PALMAS;TO;77001908;63 - 1234-5678;atualizar_email@sefaz.to.gov.br;09/10/2025 08:28;09/10/2025 08:28;-10.18257356;-48.33621810
199;013.DICORP;Diretoria de Sistemas Corporativos;Secretaria da Fazenda;1;atualizar endereço;0;;CENTRO;PALMAS;TO;77001908;63 - 1234-5678;atualizar_email@sefaz.to.gov.br;09/10/2025 08:28;09/10/2025 08:28;-10.18257356;-48.33621810
200;013.DITRIB;Diretoria de Tributação;Secretaria da Fazenda;1;atualizar endereço;0;;CENTRO;PALMAS;TO;77001908;63 - 1234-5678;atualizar_email@sefaz.to.gov.br;09/10/2025 08:28;09/10/2025 08:28;-10.18257356;-48.33621810
201;013.DIGET;Diretoria Geral de Gestão Tecnológica;Secretaria da Fazenda;1;atualizar endereço;0;;CENTRO;PALMAS;TO;77001908;63 - 1234-5678;atualizar_email@sefaz.to.gov.br;09/10/2025 08:28;09/10/2025 08:28;-10.18257356;-48.33621810
202;013.GABSEC;Gabinete do Secretário;Secretaria da Fazenda;1;atualizar endereço;0;;CENTRO;PALMAS;TO;77001908;63 - 1234-5678;atualizar_email@sefaz.to.gov.br;09/10/2025 08:28;09/10/2025 08:28;-10.18257356;-48.33621810
203;013.GASEGT;Gabinete do Secretário Exec de Gestão Tributária;Secretaria da Fazenda;1;atualizar endereço;0;;CENTRO;PALMAS;TO;77001908;63 - 1234-5678;atualizar_email@sefaz.to.gov.br;09/10/2025 08:28;09/10/2025 08:28;-10.18257356;-48.33621810
204;013.GABSEXT;Gabinete do Secretario Executivo do Tesouro;Secretaria da Fazenda;1;atualizar endereço;0;;CENTRO;PALMAS;TO;77001908;63 - 1234-5678;atualizar_email@sefaz.to.gov.br;09/10/2025 08:28;09/10/2025 08:28;-10.18257356;-48.33621810
205;013.GEDIAT;Gerência da Dívida Ativa;Secretaria da Fazenda;1;atualizar endereço;0;;CENTRO;PALMAS;TO;77001908;63 - 1234-5678;atualizar_email@sefaz.to.gov.br;09/10/2025 08:28;09/10/2025 08:28;-10.18257356;-48.33621810
206;013.GESICAP;Gerência de Acomp  do SICAP Contábil;Secretaria da Fazenda;1;atualizar endereço;0;;CENTRO;PALMAS;TO;77001908;63 - 1234-5678;atualizar_email@sefaz.to.gov.br;09/10/2025 08:28;09/10/2025 08:28;-10.18257356;-48.33621810
207;013.GEACONT;Gerência de Acomp Contábil das Unidades Setoriais;Secretaria da Fazenda;1;atualizar endereço;0;;CENTRO;PALMAS;TO;77001908;63 - 1234-5678;atualizar_email@sefaz.to.gov.br;09/10/2025 08:28;09/10/2025 08:28;-10.18257356;-48.33621810
208;013.GEASC;Gerência de Acomp do Sist Contábil Financeiro;Secretaria da Fazenda;1;atualizar endereço;0;;CENTRO;PALMAS;TO;77001908;63 - 1234-5678;atualizar_email@sefaz.to.gov.br;09/10/2025 08:28;09/10/2025 08:28;-10.18257356;-48.33621810
209;013.GEALOG;Gerência de Administração e Logística;Secretaria da Fazenda;1;atualizar endereço;0;;CENTRO;PALMAS;TO;77001908;63 - 1234-5678;atualizar_email@sefaz.to.gov.br;09/10/2025 08:28;09/10/2025 08:28;-10.18257356;-48.33621810
210;013.GEALMO;Gerência de Almoxarifado;Secretaria da Fazenda;1;atualizar endereço;0;;CENTRO;PALMAS;TO;77001908;63 - 1234-5678;atualizar_email@sefaz.to.gov.br;09/10/2025 08:28;09/10/2025 08:28;-10.18257356;-48.33621810
211;013.GEAPRO;Gerência de Análise Processual;Secretaria da Fazenda;1;atualizar endereço;0;;CENTRO;PALMAS;TO;77001908;63 - 1234-5678;atualizar_email@sefaz.to.gov.br;09/10/2025 08:28;09/10/2025 08:28;-10.18257356;-48.33621810
212;013.GEAPO;Gerência de Apoio;Secretaria da Fazenda;1;atualizar endereço;0;;CENTRO;PALMAS;TO;77001908;63 - 1234-5678;atualizar_email@sefaz.to.gov.br;09/10/2025 08:28;09/10/2025 08:28;-10.18257356;-48.33621810
213;013.GEAR;Gerência de Arrecadação;Secretaria da Fazenda;1;atualizar endereço;0;;CENTRO;PALMAS;TO;77001908;63 - 1234-5678;atualizar_email@sefaz.to.gov.br;09/10/2025 08:28;09/10/2025 08:28;-10.18257356;-48.33621810
214;013.GEAUFIS;Gerência de Automação Fiscal;Secretaria da Fazenda;1;atualizar endereço;0;;CENTRO;PALMAS;TO;77001908;63 - 1234-5678;atualizar_email@sefaz.to.gov.br;09/10/2025 08:28;09/10/2025 08:28;-10.18257356;-48.33621810
215;013.GEBAD;Gerência de Banco de Dados;Secretaria da Fazenda;1;atualizar endereço;0;;CENTRO;PALMAS;TO;77001908;63 - 1234-5678;atualizar_email@sefaz.to.gov.br;09/10/2025 08:28;09/10/2025 08:28;-10.18257356;-48.33621810
216;013.GEBEFI;Gerência de Benefícios Fiscais;Secretaria da Fazenda;1;atualizar endereço;0;;CENTRO;PALMAS;TO;77001908;63 - 1234-5678;atualizar_email@sefaz.to.gov.br;09/10/2025 08:28;09/10/2025 08:28;-10.18257356;-48.33621810
217;013.GECAD;Gerência de Cadastro;Secretaria da Fazenda;1;atualizar endereço;0;;CENTRO;PALMAS;TO;77001908;63 - 1234-5678;atualizar_email@sefaz.to.gov.br;09/10/2025 08:28;09/10/2025 08:28;-10.18257356;-48.33621810
218;013.GERCOBR;Gerência de Cobrança;Secretaria da Fazenda;1;atualizar endereço;0;;CENTRO;PINDORAMA DO TOCANTINS;TO;77380000;63 - 1234-5678;atualizar_email@sefaz.to.gov.br;09/10/2025 08:28;09/10/2025 08:28;-11.13647682;-47.57978727
219;013.GECOM;Gerência de Compras;Secretaria da Fazenda;1;atualizar endereço;0;;CENTRO;PALMAS;TO;77001908;63 - 1234-5678;atualizar_email@sefaz.to.gov.br;09/10/2025 08:28;09/10/2025 08:28;-10.18257356;-48.33621810
220;013.GECAS;Gerência de Controle de Acesso ao Siafe;Secretaria da Fazenda;1;atualizar endereço;0;;CENTRO;PALMAS;TO;77001908;63 - 1234-5678;atualizar_email@sefaz.to.gov.br;09/10/2025 08:28;09/10/2025 08:28;-10.18257356;-48.33621810
221;013.GEARPRO;Gerência de Controle e Acomp de Processos;Secretaria da Fazenda;1;atualizar endereço;0;;CENTRO;PORTO NACIONAL;TO;77500-000;63 - 1234-5678;atualizar_email@sefaz.to.gov.br;09/10/2025 08:28;09/10/2025 08:28;-10.70986760;-48.40929633
222;013.GECEC-TO;Gerência de Cotação Eletrônica - Compras-TO;Secretaria da Fazenda;1;atualizar endereço;0;;CENTRO;PALMAS;TO;77001908;63 - 1234-5678;atualizar_email@sefaz.to.gov.br;09/10/2025 08:28;09/10/2025 08:28;-10.18257356;-48.33621810
223;013.GEDENT;Gerência de Débitos não Tributários;Secretaria da Fazenda;1;atualizar endereço;0;;CENTRO;PALMAS;TO;77001908;63 - 1234-5678;atualizar_email@sefaz.to.gov.br;09/10/2025 08:28;09/10/2025 08:28;-10.18257356;-48.33621810
224;013.GEDEC;Gerência de Demonstrações Contábeis;Secretaria da Fazenda;1;atualizar endereço;0;;CENTRO;PALMAS;TO;77001908;63 - 1234-5678;atualizar_email@sefaz.to.gov.br;09/10/2025 08:28;09/10/2025 08:28;-10.18257356;-48.33621810
225;013.GEFOR;Gerência de e-Fornecedores;Secretaria da Fazenda;1;atualizar endereço;0;;CENTRO;PALMAS;TO;77001908;63 - 1234-5678;atualizar_email@sefaz.to.gov.br;09/10/2025 08:28;09/10/2025 08:28;-10.18257356;-48.33621810
226;013.GELDFIS;Gerência de Elaboração de Demons Fiscais;Secretaria da Fazenda;1;atualizar endereço;0;;CENTRO;PALMAS;TO;77001908;63 - 1234-5678;atualizar_email@sefaz.to.gov.br;09/10/2025 08:28;09/10/2025 08:28;-10.18257356;-48.33621810
227;013.GELED;Gerência de Elaboração de Editais;Secretaria da Fazenda;1;atualizar endereço;0;;CENTRO;PALMAS;TO;77001908;63 - 1234-5678;atualizar_email@sefaz.to.gov.br;09/10/2025 08:28;09/10/2025 08:28;-10.18257356;-48.33621810
228;013.GEORF;Gerência de Execução Orçamentária e Financeira;Secretaria da Fazenda;1;atualizar endereço;0;;CENTRO;PALMAS;TO;77001908;63 - 1234-5678;atualizar_email@sefaz.to.gov.br;09/10/2025 08:28;09/10/2025 08:28;-10.18257356;-48.33621810
229;013.GEFISTRA;Gerência de Fisc de Trânsito e Postos Fiscais;Secretaria da Fazenda;1;atualizar endereço;0;;CENTRO;PALMAS;TO;77001908;63 - 1234-5678;atualizar_email@sefaz.to.gov.br;09/10/2025 08:28;09/10/2025 08:28;-10.18257356;-48.33621810
230;013.GEFISEST;Gerência de Fiscalização de Estabelecimentos;Secretaria da Fazenda;1;atualizar endereço;0;;CENTRO;PALMAS;TO;77001908;63 - 1234-5678;atualizar_email@sefaz.to.gov.br;09/10/2025 08:28;09/10/2025 08:28;-10.18257356;-48.33621810
231;013.GEIMC;Gerência de Implantação de Custos;Secretaria da Fazenda;1;atualizar endereço;0;;CENTRO;PALMAS;TO;77001908;63 - 1234-5678;atualizar_email@sefaz.to.gov.br;09/10/2025 08:28;09/10/2025 08:28;-10.18257356;-48.33621810
232;013.GIRC;Gerência de Implementação de Rotinas Contábeis;Secretaria da Fazenda;1;atualizar endereço;0;;CENTRO;PALMAS;TO;77001908;63 - 1234-5678;atualizar_email@sefaz.to.gov.br;09/10/2025 08:28;09/10/2025 08:28;-10.18257356;-48.33621810
233;013.GEINFEC;Gerência de Informações Econômico-Fiscais;Secretaria da Fazenda;1;atualizar endereço;0;;CENTRO;PALMAS;TO;77001908;63 - 1234-5678;atualizar_email@sefaz.to.gov.br;09/10/2025 08:28;09/10/2025 08:28;-10.18257356;-48.33621810
234;013.GEIPLE;Gerência de IPVA e Leilões;Secretaria da Fazenda;1;atualizar endereço;0;;CENTRO;PALMAS;TO;77001908;63 - 1234-5678;atualizar_email@sefaz.to.gov.br;09/10/2025 08:28;09/10/2025 08:28;-10.18257356;-48.33621810
235;013.GITCMD;Gerência de ITCMD;Secretaria da Fazenda;1;atualizar endereço;0;;CENTRO;PALMAS;TO;77001908;63 - 1234-5678;atualizar_email@sefaz.to.gov.br;09/10/2025 08:28;09/10/2025 08:28;-10.18257356;-48.33621810
236;013.GEINFAZ;Gerência de Monitoramento e Insp Adm Fazendária;Secretaria da Fazenda;1;atualizar endereço;0;;CENTRO;PALMAS;TO;77001908;63 - 1234-5678;atualizar_email@sefaz.to.gov.br;09/10/2025 08:28;09/10/2025 08:28;-10.18257356;-48.33621810
237;013.GENAC;Gerência de Normas para a apuração de Custos;Secretaria da Fazenda;1;atualizar endereço;0;;CENTRO;PALMAS;TO;77001908;63 - 1234-5678;atualizar_email@sefaz.to.gov.br;09/10/2025 08:28;09/10/2025 08:28;-10.18257356;-48.33621810
238;013.GENOR;Gerência de Normatização;Secretaria da Fazenda;1;atualizar endereço;0;;CENTRO;PALMAS;TO;77001908;63 - 1234-5678;atualizar_email@sefaz.to.gov.br;09/10/2025 08:28;09/10/2025 08:28;-10.18257356;-48.33621810
239;013.GENOCON;Gerência de Normatização Contábil;Secretaria da Fazenda;1;atualizar endereço;0;;CENTRO;PALMAS;TO;77001908;63 - 1234-5678;atualizar_email@sefaz.to.gov.br;09/10/2025 08:28;09/10/2025 08:28;-10.18257356;-48.33621810
240;013.GEPFI;Gerência de Planejamento Financeiro;Secretaria da Fazenda;1;atualizar endereço;0;;CENTRO;PALMAS;TO;77001908;63 - 1234-5678;atualizar_email@sefaz.to.gov.br;09/10/2025 08:28;09/10/2025 08:28;-10.18257356;-48.33621810
241;013.GEPROC;Gerência de Processos e Procedimentos;Secretaria da Fazenda;1;atualizar endereço;0;;CENTRO;PALMAS;TO;77001908;63 - 1234-5678;atualizar_email@sefaz.to.gov.br;09/10/2025 08:28;09/10/2025 08:28;-10.18257356;-48.33621810
242;013.GECAED;Gerência de Programação, Capacit e Educação;Secretaria da Fazenda;1;atualizar endereço;0;;CENTRO;PALMAS;TO;77001908;63 - 1234-5678;atualizar_email@sefaz.to.gov.br;09/10/2025 08:28;09/10/2025 08:28;-10.18257356;-48.33621810
243;013.GERCOM;Gerência de Redes e Comunicação;Secretaria da Fazenda;1;atualizar endereço;0;;CENTRO;PALMAS;TO;77001908;63 - 1234-5678;atualizar_email@sefaz.to.gov.br;09/10/2025 08:28;09/10/2025 08:28;-10.18257356;-48.33621810
244;013.GESDI;Gerência de Segurança Digital;Secretaria da Fazenda;1;atualizar endereço;0;;CENTRO;PALMAS;TO;77001908;63 - 1234-5678;atualizar_email@sefaz.to.gov.br;09/10/2025 08:28;09/10/2025 08:28;-10.18257356;-48.33621810
245;013.GESDAT;Gerência de Servidores e Data Center;Secretaria da Fazenda;1;atualizar endereço;0;;CENTRO;PALMAS;TO;77001908;63 - 1234-5678;atualizar_email@sefaz.to.gov.br;09/10/2025 08:28;09/10/2025 08:28;-10.18257356;-48.33621810
246;013.GESFIN;Gerência de Sistemas Financeiros;Secretaria da Fazenda;1;atualizar endereço;0;;CENTRO;PALMAS;TO;77001908;63 - 1234-5678;atualizar_email@sefaz.to.gov.br;09/10/2025 08:28;09/10/2025 08:28;-10.18257356;-48.33621810
247;013.GESITRI;Gerência de Sistemas Tributários;Secretaria da Fazenda;1;atualizar endereço;0;;CENTRO;PALMAS;TO;77001908;63 - 1234-5678;atualizar_email@sefaz.to.gov.br;09/10/2025 08:28;09/10/2025 08:28;-10.18257356;-48.33621810
248;013.GESUT;Gerência de Substituição Tributária;Secretaria da Fazenda;1;atualizar endereço;0;;CENTRO;PALMAS;TO;77001908;63 - 1234-5678;atualizar_email@sefaz.to.gov.br;09/10/2025 08:28;09/10/2025 08:28;-10.18257356;-48.33621810
249;013.GESOP;Gerência de Suporte e Operações;Secretaria da Fazenda;1;atualizar endereço;0;;CENTRO;PALMAS;TO;77001908;63 - 1234-5678;atualizar_email@sefaz.to.gov.br;09/10/2025 08:28;09/10/2025 08:28;-10.18257356;-48.33621810
250;013.GETHO;Gerência de Testes e Homologação;Secretaria da Fazenda;1;atualizar endereço;0;;CENTRO;PALMAS;TO;77001908;63 - 1234-5678;atualizar_email@sefaz.to.gov.br;09/10/2025 08:28;09/10/2025 08:28;-10.18257356;-48.33621810
251;013.GETRANS;Gerência de Transporte;Secretaria da Fazenda;1;atualizar endereço;0;;CENTRO;PALMAS;TO;77001908;63 - 1234-5678;atualizar_email@sefaz.to.gov.br;09/10/2025 08:28;09/10/2025 08:28;-10.18257356;-48.33621810
252;013.GETEC;Gerência de Tribut de Energia e Comunicação;Secretaria da Fazenda;1;atualizar endereço;0;;CENTRO;PALMAS;TO;77001908;63 - 1234-5678;atualizar_email@sefaz.to.gov.br;09/10/2025 08:28;09/10/2025 08:28;-10.18257356;-48.33621810
253;013.GETC;Gerência de Tributação de Combustível;Secretaria da Fazenda;1;atualizar endereço;0;;CENTRO;PALMAS;TO;77001908;63 - 1234-5678;atualizar_email@sefaz.to.gov.br;09/10/2025 08:28;09/10/2025 08:28;-10.18257356;-48.33621810
254;013.GETACE;Gerência de Tributação do Agron e Com Exterior;Secretaria da Fazenda;1;atualizar endereço;0;;CENTRO;PALMAS;TO;77001908;63 - 1234-5678;atualizar_email@sefaz.to.gov.br;09/10/2025 08:28;09/10/2025 08:28;-10.18257356;-48.33621810
255;013.GEGADM;Gerência Geral de Administração;Secretaria da Fazenda;1;atualizar endereço;0;;CENTRO;PALMAS;TO;77001908;63 - 1234-5678;atualizar_email@sefaz.to.gov.br;09/10/2025 08:28;09/10/2025 08:28;-10.18257356;-48.33621810
256;013.MCPPDS;Membro Com P Proc Disc Sindicâncias e Revisão;Secretaria da Fazenda;1;atualizar endereço;0;;CENTRO;PALMAS;TO;77001908;63 - 1234-5678;atualizar_email@sefaz.to.gov.br;09/10/2025 08:28;09/10/2025 08:28;-10.18257356;-48.33621810
257;013.OUVFA;Ouvidoria Fazendária;Secretaria da Fazenda;1;atualizar endereço;0;;CENTRO;PALMAS;TO;77001908;63 - 1234-5678;atualizar_email@sefaz.to.gov.br;09/10/2025 08:28;09/10/2025 08:28;-10.18257356;-48.33621810
258;013.POSFISBAL;Posto Fiscal - Balsa;Secretaria da Fazenda;1;atualizar endereço;0;;CENTRO;TOCANTINOPOLIS;TO;77900000;63 - 1234-5678;atualizar_email@sefaz.to.gov.br;09/10/2025 08:28;09/10/2025 08:28;-6.32894794;-47.42165918
259;013.POFIBEVI;Posto Fiscal - Bela Vista;Secretaria da Fazenda;1;atualizar endereço;0;;CENTRO;SAO MIGUEL DO TOCANTINS;TO;77925000;63 - 1234-5678;atualizar_email@sefaz.to.gov.br;09/10/2025 08:28;09/10/2025 08:28;-5.55395652;-47.57812270
260;013.POFIBEI;Posto Fiscal - Bezerra I;Secretaria da Fazenda;1;atualizar endereço;0;;CENTRO;ARRAIAS;TO;77330000;63 - 1234-5678;atualizar_email@sefaz.to.gov.br;09/10/2025 08:28;09/10/2025 08:28;-12.92648446;-46.94742596
261;013.POSFISCAS;Posto Fiscal - Caseara;Secretaria da Fazenda;1;atualizar endereço;0;;CENTRO;CASEARA;TO;77680000;63 - 1234-5678;atualizar_email@sefaz.to.gov.br;09/10/2025 08:28;09/10/2025 08:28;-9.27089821;-49.95509705
262;013.POFICOMA;Posto Fiscal - Couto Magalhaes;Secretaria da Fazenda;1;atualizar endereço;0;;CENTRO;COUTO MAGALHAES;TO;77750000;63 - 1234-5678;atualizar_email@sefaz.to.gov.br;09/10/2025 08:28;09/10/2025 08:28;-8.35932739;-49.17851748
263;013.POFIDUPO;Posto Fiscal - Duas Pontes;Secretaria da Fazenda;1;atualizar endereço;0;;CENTRO;TAGUATINGA;TO;77320000;63 - 1234-5678;atualizar_email@sefaz.to.gov.br;09/10/2025 08:28;09/10/2025 08:28;-12.40913505;-46.43140623
264;013.POSFISEST;Posto Fiscal - Estreito;Secretaria da Fazenda;1;atualizar endereço;0;;CENTRO;AGUIARNOPOLIS;TO;77908000;63 - 1234-5678;atualizar_email@sefaz.to.gov.br;09/10/2025 08:28;09/10/2025 08:28;-6.55890546;-47.47688129
265;013.POSFISFIL;Posto Fiscal - Filadelfia;Secretaria da Fazenda;1;atualizar endereço;0;;CENTRO;FILADELFIA;TO;77795000;63 - 1234-5678;atualizar_email@sefaz.to.gov.br;09/10/2025 08:28;09/10/2025 08:28;-7.33709974;-47.49678275
266;013.POFIJATO;Posto Fiscal - Jau do Tocantins;Secretaria da Fazenda;1;atualizar endereço;0;;CENTRO;JAU DO TOCANTINS;TO;77450000;63 - 1234-5678;atualizar_email@sefaz.to.gov.br;09/10/2025 08:28;09/10/2025 08:28;-12.65267632;-48.59176286
267;013.POSFISLEV;Posto Fiscal - Levantado;Secretaria da Fazenda;1;atualizar endereço;0;;CENTRO;TAGUATINGA;TO;77320000;63 - 1234-5678;atualizar_email@sefaz.to.gov.br;09/10/2025 08:28;09/10/2025 08:28;-12.40913505;-46.43140623
268;013.POFINOAL;Posto Fiscal - Novo Alegre;Secretaria da Fazenda;1;atualizar endereço;0;;CENTRO;NOVO ALEGRE;TO;77353000;63 - 1234-5678;atualizar_email@sefaz.to.gov.br;09/10/2025 08:28;09/10/2025 08:28;-12.91525868;-46.57648926
269;013.POFIPADA;Posto Fiscal - Pau Darco;Secretaria da Fazenda;1;atualizar endereço;0;;CENTRO;PAU DARCO;TO;77785000;63 - 1234-5678;atualizar_email@sefaz.to.gov.br;09/10/2025 08:28;09/10/2025 08:28;-7.54223650;-49.36723715
270;013.POFISEGE;Posto Fiscal - Serra Geral;Secretaria da Fazenda;1;atualizar endereço;0;;CENTRO;TAGUATINGA;TO;77320000;63 - 1234-5678;atualizar_email@sefaz.to.gov.br;09/10/2025 08:28;09/10/2025 08:28;-12.40913505;-46.43140623
271;013.POSFISTAL;Posto Fiscal - Talisma;Secretaria da Fazenda;1;atualizar endereço;0;;CENTRO;TALISMA;TO;77483000;63 - 1234-5678;atualizar_email@sefaz.to.gov.br;09/10/2025 08:28;09/10/2025 08:28;-12.79811766;-49.09249063
272;013.POSFISTRA;Posto Fiscal - Transamazonica;Secretaria da Fazenda;1;atualizar endereço;0;;CENTRO;AUGUSTINOPOLIS;TO;77960000;63 - 1234-5678;atualizar_email@sefaz.to.gov.br;09/10/2025 08:28;09/10/2025 08:28;-5.46479565;-47.88496084
273;013.PRESCONT;Presidência do Contencioso Adm Tributário;Secretaria da Fazenda;1;atualizar endereço;0;;CENTRO;PALMAS;TO;77001908;63 - 1234-5678;atualizar_email@sefaz.to.gov.br;09/10/2025 08:28;09/10/2025 08:28;-10.18257356;-48.33621810
274;013.PCPPDS;Presidente Com P Proc Disc Sindicâncias e Revisão;Secretaria da Fazenda;1;atualizar endereço;0;;CENTRO;PALMAS;TO;77001908;63 - 1234-5678;atualizar_email@sefaz.to.gov.br;09/10/2025 08:28;09/10/2025 08:28;-10.18257356;-48.33621810
275;013.SEGER2;Secretaria-Geral;Secretaria da Fazenda;1;atualizar endereço;0;;CENTRO;PALMAS;TO;77001908;63 - 1234-5678;atualizar_email@sefaz.to.gov.br;09/10/2025 08:28;09/10/2025 08:28;-10.18257356;-48.33621810
276;013.SAF;Superintendência de Administração e Finanças;Secretaria da Fazenda;1;atualizar endereço;0;;CENTRO;PALMAS;TO;77001908;63 - 1234-5678;atualizar_email@sefaz.to.gov.br;09/10/2025 08:28;09/10/2025 08:28;-10.18257356;-48.33621810
277;013.SUATRI;Superintendência de Administração Tributária;Secretaria da Fazenda;1;atualizar endereço;0;;CENTRO;PALMAS;TO;77001908;63 - 1234-5678;atualizar_email@sefaz.to.gov.br;09/10/2025 08:28;09/10/2025 08:28;-10.18257356;-48.33621810
278;013.SUASJUR;Superintendência de Assuntos Jurídicos;Secretaria da Fazenda;1;atualizar endereço;0;;CENTRO;PALMAS;TO;77001908;63 - 1234-5678;atualizar_email@sefaz.to.gov.br;09/10/2025 08:28;09/10/2025 08:28;-10.18257356;-48.33621810
279;013.SUCOLI;Superintendência de Compras e Central de Licitação;Secretaria da Fazenda;1;atualizar endereço;0;;CENTRO;PALMAS;TO;77001908;63 - 1234-5678;atualizar_email@sefaz.to.gov.br;09/10/2025 08:28;09/10/2025 08:28;-10.18257356;-48.33621810
280;013.SUCOG;Superintendência de Contabilidade Geral;Secretaria da Fazenda;1;atualizar endereço;0;;CENTRO;PALMAS;TO;77001908;63 - 1234-5678;atualizar_email@sefaz.to.gov.br;09/10/2025 08:28;09/10/2025 08:28;-10.18257356;-48.33621810
281;013.SUPEFE;Superintendência de Enfret a Frau Fis Estruturadas;Secretaria da Fazenda;1;atualizar endereço;0;;CENTRO;PALMAS;TO;77001908;63 - 1234-5678;atualizar_email@sefaz.to.gov.br;09/10/2025 08:28;09/10/2025 08:28;-10.18257356;-48.33621810
282;013.SUTIF;Superintendência de Tecnol e Inov Fazendária;Secretaria da Fazenda;1;atualizar endereço;0;;CENTRO;PALMAS;TO;77001908;63 - 1234-5678;atualizar_email@sefaz.to.gov.br;09/10/2025 08:28;09/10/2025 08:28;-10.18257356;-48.33621810
283;013.SUTES;Superintendência do Tesouro Estadual;Secretaria da Fazenda;1;atualizar endereço;0;;CENTRO;PALMAS;TO;77001908;63 - 1234-5678;atualizar_email@sefaz.to.gov.br;09/10/2025 08:28;09/10/2025 08:28;-10.18257356;-48.33621810
